,mc,mn,quarterbeats,quarterbeats_all_endings,duration_qb,mc_onset,mn_onset,event,timesig,staff,voice,duration,tremolo,nominal_duration,scalar,chord_id,dynamics,articulation,staff_text,tempo,qpm,metronome_base,metronome_number,tempo_visible,crescendo_hairpin
0,1,1,0,0,0.0,0,0,Tempo,12/8,1,1,0,,,,,,,,𝅘𝅥 . =120,180.0,𝅘𝅥 . ,120.0,1.0,
1,1,1,0,0,0.0,0,0,Dynamic,12/8,1,1,0,,,,,mp,,,,,,,,
2,1,1,0,0,0.5,0,0,Chord,12/8,1,1,1/8,,1/8,1,0,,articAccentAbove,,,,,,,
3,1,1,1/2,1/2,0.5,1/8,1/8,Chord,12/8,1,1,1/8,,1/8,1,1,,,,,,,,,
4,1,1,1,1,0.5,1/4,1/4,Chord,12/8,1,1,1/8,,1/8,1,2,,articAccentAbove,,,,,,,
5,1,1,3/2,3/2,0.0,3/8,3/8,StaffText,12/8,1,1,0,,,,,,,2+2+3+3+2,,,,,,
6,1,1,3/2,3/2,0.5,3/8,3/8,Chord,12/8,1,1,1/8,,1/8,1,3,,,,,,,,,
7,1,1,2,2,0.5,1/2,1/2,Chord,12/8,1,1,1/8,,1/8,1,4,,articAccentAbove,,,,,,,
8,1,1,5/2,5/2,0.5,5/8,5/8,Chord,12/8,1,1,1/8,,1/8,1,5,,,,,,,,,
9,1,1,3,3,0.5,3/4,3/4,Chord,12/8,1,1,1/8,,1/8,1,6,,articAccentAbove,,,,,,,
10,1,1,7/2,7/2,0.5,7/8,7/8,Chord,12/8,1,1,1/8,,1/8,1,7,,articAccentAbove,,,,,,,
11,1,1,4,4,0.5,1,1,Chord,12/8,1,1,1/8,,1/8,1,8,,,,,,,,,
12,1,1,9/2,9/2,0.5,9/8,9/8,Chord,12/8,1,1,1/8,,1/8,1,9,,articAccentAbove,,,,,,,
13,1,1,5,5,0.5,5/4,5/4,Chord,12/8,1,1,1/8,,1/8,1,10,,articAccentAbove,,,,,,,
14,1,1,11/2,11/2,0.5,11/8,11/8,Chord,12/8,1,1,1/8,,1/8,1,11,,,,,,,,,
15,1,1,0,0,0.0,0,0,Dynamic,12/8,2,1,0,,,,,mp,,,,,,,,
16,1,1,0,0,6.0,0,0,Chord,12/8,2,1,3/2,r16,1,3/2,12,,,,,,,,,
17,2,2,6,6,0.5,0,0,Chord,12/8,1,1,1/8,,1/8,1,13,,articAccentAbove,,,,,,,
18,2,2,13/2,13/2,0.5,1/8,1/8,Chord,12/8,1,1,1/8,,1/8,1,14,,,,,,,,,
19,2,2,7,7,0.5,1/4,1/4,Chord,12/8,1,1,1/8,,1/8,1,15,,articAccentAbove,,,,,,,
20,2,2,15/2,15/2,0.5,3/8,3/8,Chord,12/8,1,1,1/8,,1/8,1,16,,,,,,,,,
21,2,2,8,8,0.5,1/2,1/2,Chord,12/8,1,1,1/8,,1/8,1,17,,articAccentAbove,,,,,,,
22,2,2,17/2,17/2,0.5,5/8,5/8,Chord,12/8,1,1,1/8,,1/8,1,18,,,,,,,,,
23,2,2,9,9,0.5,3/4,3/4,Chord,12/8,1,1,1/8,,1/8,1,19,,articAccentAbove,,,,,,,
24,2,2,19/2,19/2,0.5,7/8,7/8,Chord,12/8,1,1,1/8,,1/8,1,20,,articAccentAbove,,,,,,,
25,2,2,10,10,0.5,1,1,Chord,12/8,1,1,1/8,,1/8,1,21,,,,,,,,,
26,2,2,21/2,21/2,0.5,9/8,9/8,Chord,12/8,1,1,1/8,,1/8,1,22,,articAccentAbove,,,,,,,
27,2,2,11,11,0.5,5/4,5/4,Chord,12/8,1,1,1/8,,1/8,1,23,,articAccentAbove,,,,,,,
28,2,2,23/2,23/2,0.5,11/8,11/8,Chord,12/8,1,1,1/8,,1/8,1,24,,,,,,,,,
29,2,2,6,6,6.0,0,0,Chord,12/8,2,1,3/2,r16,1,3/2,25,,,,,,,,,
30,3,3,12,12,0.5,0,0,Chord,12/8,1,1,1/8,,1/8,1,26,,articAccentAbove,,,,,,,
31,3,3,25/2,25/2,0.5,1/8,1/8,Chord,12/8,1,1,1/8,,1/8,1,27,,,,,,,,,
32,3,3,13,13,0.5,1/4,1/4,Chord,12/8,1,1,1/8,,1/8,1,28,,articAccentAbove,,,,,,,
33,3,3,27/2,27/2,0.5,3/8,3/8,Chord,12/8,1,1,1/8,,1/8,1,29,,,,,,,,,
34,3,3,14,14,0.5,1/2,1/2,Chord,12/8,1,1,1/8,,1/8,1,30,,articAccentAbove,,,,,,,
35,3,3,29/2,29/2,0.5,5/8,5/8,Chord,12/8,1,1,1/8,,1/8,1,31,,,,,,,,,
36,3,3,15,15,0.5,3/4,3/4,Chord,12/8,1,1,1/8,,1/8,1,32,,articAccentAbove,,,,,,,
37,3,3,31/2,31/2,0.5,7/8,7/8,Chord,12/8,1,1,1/8,,1/8,1,33,,articAccentAbove,,,,,,,
38,3,3,16,16,0.5,1,1,Chord,12/8,1,1,1/8,,1/8,1,34,,,,,,,,,
39,3,3,33/2,33/2,0.5,9/8,9/8,Chord,12/8,1,1,1/8,,1/8,1,35,,articAccentAbove,,,,,,,
40,3,3,17,17,0.5,5/4,5/4,Chord,12/8,1,1,1/8,,1/8,1,36,,articAccentAbove,,,,,,,
41,3,3,35/2,35/2,0.5,11/8,11/8,Chord,12/8,1,1,1/8,,1/8,1,37,,,,,,,,,
42,3,3,12,12,6.0,0,0,Chord,12/8,2,1,3/2,r16,1,3/2,38,,,,,,,,,
43,4,4,18,18,0.5,0,0,Chord,12/8,1,1,1/8,,1/8,1,39,,articAccentAbove,,,,,,,
44,4,4,37/2,37/2,0.5,1/8,1/8,Chord,12/8,1,1,1/8,,1/8,1,40,,,,,,,,,
45,4,4,19,19,0.5,1/4,1/4,Chord,12/8,1,1,1/8,,1/8,1,41,,articAccentAbove,,,,,,,
46,4,4,39/2,39/2,0.5,3/8,3/8,Chord,12/8,1,1,1/8,,1/8,1,42,,,,,,,,,
47,4,4,20,20,0.5,1/2,1/2,Chord,12/8,1,1,1/8,,1/8,1,43,,articAccentAbove,,,,,,,
48,4,4,41/2,41/2,0.5,5/8,5/8,Chord,12/8,1,1,1/8,,1/8,1,44,,,,,,,,,
49,4,4,21,21,0.5,3/4,3/4,Chord,12/8,1,1,1/8,,1/8,1,45,,articAccentAbove,,,,,,,
50,4,4,43/2,43/2,0.5,7/8,7/8,Chord,12/8,1,1,1/8,,1/8,1,46,,articAccentAbove,,,,,,,
51,4,4,22,22,0.5,1,1,Chord,12/8,1,1,1/8,,1/8,1,47,,,,,,,,,
52,4,4,45/2,45/2,0.5,9/8,9/8,Chord,12/8,1,1,1/8,,1/8,1,48,,articAccentAbove,,,,,,,
53,4,4,23,23,0.5,5/4,5/4,Chord,12/8,1,1,1/8,,1/8,1,49,,articAccentAbove,,,,,,,
54,4,4,47/2,47/2,0.5,11/8,11/8,Chord,12/8,1,1,1/8,,1/8,1,50,,,,,,,,,
55,4,4,18,18,6.0,0,0,Chord,12/8,2,1,3/2,r16,1,3/2,51,,,,,,,,,
56,5,5,24,24,0.0,0,0,Spanner,12/8,1,1,0,,,,,,,,,,,,,0
57,5,5,24,24,0.5,0,0,Chord,12/8,1,1,1/8,,1/8,1,52,,articAccentAbove,,,,,,,0
58,5,5,49/2,49/2,0.5,1/8,1/8,Chord,12/8,1,1,1/8,,1/8,1,53,,,,,,,,,0
59,5,5,25,25,0.5,1/4,1/4,Chord,12/8,1,1,1/8,,1/8,1,54,,articAccentAbove,,,,,,,0
60,5,5,51/2,51/2,0.5,3/8,3/8,Chord,12/8,1,1,1/8,,1/8,1,55,,,,,,,,,0
61,5,5,26,26,0.5,1/2,1/2,Chord,12/8,1,1,1/8,,1/8,1,56,,articAccentAbove,,,,,,,0
62,5,5,53/2,53/2,0.5,5/8,5/8,Chord,12/8,1,1,1/8,,1/8,1,57,,,,,,,,,0
63,5,5,27,27,0.5,3/4,3/4,Chord,12/8,1,1,1/8,,1/8,1,58,,articAccentAbove,,,,,,,0
64,5,5,55/2,55/2,0.5,7/8,7/8,Chord,12/8,1,1,1/8,,1/8,1,59,,articAccentAbove,,,,,,,0
65,5,5,28,28,0.5,1,1,Chord,12/8,1,1,1/8,,1/8,1,60,,,,,,,,,0
66,5,5,57/2,57/2,0.5,9/8,9/8,Chord,12/8,1,1,1/8,,1/8,1,61,,articAccentAbove,,,,,,,0
67,5,5,29,29,0.5,5/4,5/4,Chord,12/8,1,1,1/8,,1/8,1,62,,articAccentAbove,,,,,,,0
68,5,5,59/2,59/2,0.5,11/8,11/8,Chord,12/8,1,1,1/8,,1/8,1,63,,,,,,,,,0
69,5,5,24,24,0.0,0,0,Spanner,12/8,2,1,0,,,,,,,,,,,,,1
70,5,5,24,24,6.0,0,0,Chord,12/8,2,1,3/2,r16,1,3/2,64,,,,,,,,,1
71,6,6,30,30,0.5,0,0,Chord,12/8,1,1,1/8,,1/8,1,65,,articAccentAbove,,,,,,,0
72,6,6,61/2,61/2,0.5,1/8,1/8,Chord,12/8,1,1,1/8,,1/8,1,66,,,,,,,,,0
73,6,6,31,31,0.5,1/4,1/4,Chord,12/8,1,1,1/8,,1/8,1,67,,articAccentAbove,,,,,,,0
74,6,6,63/2,63/2,0.5,3/8,3/8,Chord,12/8,1,1,1/8,,1/8,1,68,,,,,,,,,0
75,6,6,32,32,0.5,1/2,1/2,Chord,12/8,1,1,1/8,,1/8,1,69,,articAccentAbove,,,,,,,0
76,6,6,65/2,65/2,0.5,5/8,5/8,Chord,12/8,1,1,1/8,,1/8,1,70,,,,,,,,,0
77,6,6,33,33,0.5,3/4,3/4,Chord,12/8,1,1,1/8,,1/8,1,71,,articAccentAbove,,,,,,,0
78,6,6,67/2,67/2,0.5,7/8,7/8,Chord,12/8,1,1,1/8,,1/8,1,72,,articAccentAbove,,,,,,,0
79,6,6,34,34,0.5,1,1,Chord,12/8,1,1,1/8,,1/8,1,73,,,,,,,,,0
80,6,6,69/2,69/2,0.5,9/8,9/8,Chord,12/8,1,1,1/8,,1/8,1,74,,articAccentAbove,,,,,,,0
81,6,6,35,35,0.5,5/4,5/4,Chord,12/8,1,1,1/8,,1/8,1,75,,articAccentAbove,,,,,,,0
82,6,6,71/2,71/2,0.5,11/8,11/8,Chord,12/8,1,1,1/8,,1/8,1,76,,,,,,,,,0
83,6,6,30,30,6.0,0,0,Chord,12/8,2,1,3/2,r16,1,3/2,77,,,,,,,,,1
84,7,7,36,36,0.5,0,0,Chord,12/8,1,1,1/8,,1/8,1,78,,articAccentAbove,,,,,,,0
85,7,7,73/2,73/2,0.5,1/8,1/8,Chord,12/8,1,1,1/8,,1/8,1,79,,,,,,,,,0
86,7,7,37,37,0.5,1/4,1/4,Chord,12/8,1,1,1/8,,1/8,1,80,,articAccentAbove,,,,,,,0
87,7,7,75/2,75/2,0.5,3/8,3/8,Chord,12/8,1,1,1/8,,1/8,1,81,,,,,,,,,0
88,7,7,38,38,0.5,1/2,1/2,Chord,12/8,1,1,1/8,,1/8,1,82,,articAccentAbove,,,,,,,0
89,7,7,77/2,77/2,0.5,5/8,5/8,Chord,12/8,1,1,1/8,,1/8,1,83,,,,,,,,,0
90,7,7,39,39,0.5,3/4,3/4,Chord,12/8,1,1,1/8,,1/8,1,84,,articAccentAbove,,,,,,,0
91,7,7,79/2,79/2,0.5,7/8,7/8,Chord,12/8,1,1,1/8,,1/8,1,85,,articAccentAbove,,,,,,,0
92,7,7,40,40,0.5,1,1,Chord,12/8,1,1,1/8,,1/8,1,86,,,,,,,,,0
93,7,7,81/2,81/2,0.5,9/8,9/8,Chord,12/8,1,1,1/8,,1/8,1,87,,articAccentAbove,,,,,,,0
94,7,7,41,41,0.5,5/4,5/4,Chord,12/8,1,1,1/8,,1/8,1,88,,articAccentAbove,,,,,,,0
95,7,7,83/2,83/2,0.0,11/8,11/8,Dynamic,12/8,1,1,0,,,,,f,,,,,,,,
96,7,7,83/2,83/2,0.0,11/8,11/8,Spanner,12/8,1,1,0,,,,,,,,,,,,,
97,7,7,83/2,83/2,0.5,11/8,11/8,Chord,12/8,1,1,1/8,,1/8,1,89,,,,,,,,,
98,7,7,36,36,6.0,0,0,Chord,12/8,2,1,3/2,r16,1,3/2,90,,,,,,,,,1
99,7,7,83/2,83/2,0.0,11/8,11/8,Spanner,12/8,2,1,0,,,,,,,,,,,,,
100,7,7,83/2,83/2,0.0,11/8,11/8,Dynamic,12/8,2,1,0,,,,,mf,,,,,,,,
101,8,8,42,42,0.0,0,0,Tempo,4/4,1,1,0,,,,,,,,𝅘𝅥 =120,120.0,𝅘𝅥 ,120.0,1.0,
102,9,9,47,47,0.0,1/4,1/4,Dynamic,4/4,1,1,0,,,,,mf,,,,,,,,
103,9,9,47,47,0.3333333333333333,1/4,1/4,Chord,4/4,1,1,1/12,,1/8,2/3,91,,,,,,,,,
104,9,9,142/3,142/3,0.3333333333333333,1/3,1/3,Chord,4/4,1,1,1/12,,1/8,2/3,92,,,,,,,,,
105,9,9,143/3,143/3,0.3333333333333333,5/12,5/12,Chord,4/4,1,1,1/12,,1/8,2/3,93,,,,,,,,,
106,9,9,48,48,1.0,1/2,1/2,Chord,4/4,1,1,1/4,,1/4,1,94,,,,,,,,,
107,9,9,49,49,0.3333333333333333,3/4,3/4,Chord,4/4,1,1,1/12,,1/8,2/3,95,,,,,,,,,
108,9,9,148/3,148/3,0.3333333333333333,5/6,5/6,Chord,4/4,1,1,1/12,,1/8,2/3,96,,,,,,,,,
109,9,9,149/3,149/3,0.3333333333333333,11/12,11/12,Chord,4/4,1,1,1/12,,1/8,2/3,97,,,,,,,,,
110,9,9,46,46,0.0,0,0,Dynamic,4/4,2,1,0,,,,,mp,,,,,,,,
111,9,9,46,46,1.0,0,0,Chord,4/4,2,1,1/4,,1/4,1,98,,,,,,,,,
112,9,9,47,47,1.0,1/4,1/4,Chord,4/4,2,1,1/4,,1/4,1,99,,,,,,,,,
113,9,9,48,48,1.0,1/2,1/2,Chord,4/4,2,1,1/4,,1/4,1,100,,,,,,,,,
114,9,9,49,49,1.0,3/4,3/4,Chord,4/4,2,1,1/4,,1/4,1,101,,,,,,,,,
115,10,10,50,50,0.6666666666666666,0,0,Chord,4/4,1,1,1/6,,1/4,2/3,102,,,,,,,,,
116,10,10,152/3,152/3,0.3333333333333333,1/6,1/6,Chord,4/4,1,1,1/12,,1/8,2/3,103,,,,,,,,,
117,10,10,155/3,155/3,0.3333333333333333,5/12,5/12,Chord,4/4,1,1,1/12,,1/8,2/3,104,,,,,,,,,
118,10,10,160/3,160/3,0.3333333333333333,5/6,5/6,Chord,4/4,1,1,1/12,,1/8,2/3,105,,,,,,,,,
119,10,10,161/3,161/3,0.3333333333333333,11/12,11/12,Chord,4/4,1,1,1/12,,1/8,2/3,106,,,,,,,,,
120,10,10,50,50,1.0,0,0,Chord,4/4,2,1,1/4,,1/4,1,107,,,,,,,,,
121,10,10,51,51,1.0,1/4,1/4,Chord,4/4,2,1,1/4,,1/4,1,108,,,,,,,,,
122,10,10,52,52,1.0,1/2,1/2,Chord,4/4,2,1,1/4,,1/4,1,109,,,,,,,,,
123,10,10,53,53,1.0,3/4,3/4,Chord,4/4,2,1,1/4,,1/4,1,110,,,,,,,,,
124,11,11,54,54,1.0,0,0,Chord,4/4,1,1,1/4,,1/4,1,111,,,,,,,,,
125,11,11,167/3,167/3,0.3333333333333333,5/12,5/12,Chord,4/4,1,1,1/12,,1/8,2/3,112,,,,,,,,,
126,11,11,172/3,172/3,0.3333333333333333,5/6,5/6,Chord,4/4,1,1,1/12,,1/8,2/3,113,,,,,,,,,
127,11,11,173/3,173/3,0.3333333333333333,11/12,11/12,Chord,4/4,1,1,1/12,,1/8,2/3,114,,,,,,,,,
128,11,11,54,54,1.0,0,0,Chord,4/4,2,1,1/4,,1/4,1,115,,,,,,,,,
129,11,11,55,55,1.0,1/4,1/4,Chord,4/4,2,1,1/4,,1/4,1,116,,,,,,,,,
130,11,11,56,56,1.0,1/2,1/2,Chord,4/4,2,1,1/4,,1/4,1,117,,,,,,,,,
131,11,11,57,57,1.0,3/4,3/4,Chord,4/4,2,1,1/4,,1/4,1,118,,,,,,,,,
132,12,12,58,58,0.6666666666666666,0,0,Chord,4/4,1,1,1/6,,1/4,2/3,119,,,,,,,,,
133,12,12,176/3,176/3,0.3333333333333333,1/6,1/6,Chord,4/4,1,1,1/12,,1/8,2/3,120,,,,,,,,,
134,12,12,60,60,0.6666666666666666,1/2,1/2,Chord,4/4,1,1,1/6,,1/4,2/3,121,,,,,,,,,
135,12,12,182/3,182/3,0.6666666666666666,2/3,2/3,Chord,4/4,1,1,1/6,,1/4,2/3,122,,,,,,,,,
136,12,12,184/3,184/3,0.6666666666666666,5/6,5/6,Chord,4/4,1,1,1/6,,1/4,2/3,123,,,,,,,,,
137,12,12,58,58,1.0,0,0,Chord,4/4,2,1,1/4,,1/4,1,124,,,,,,,,,
138,12,12,59,59,1.0,1/4,1/4,Chord,4/4,2,1,1/4,,1/4,1,125,,,,,,,,,
139,12,12,60,60,1.0,1/2,1/2,Chord,4/4,2,1,1/4,,1/4,1,126,,,,,,,,,
140,12,12,61,61,1.0,3/4,3/4,Chord,4/4,2,1,1/4,,1/4,1,127,,,,,,,,,
141,13,13,63,63,0.3333333333333333,1/4,1/4,Chord,4/4,1,1,1/12,,1/8,2/3,128,,,,,,,,,
142,13,13,190/3,190/3,0.3333333333333333,1/3,1/3,Chord,4/4,1,1,1/12,,1/8,2/3,129,,,,,,,,,
143,13,13,191/3,191/3,0.3333333333333333,5/12,5/12,Chord,4/4,1,1,1/12,,1/8,2/3,130,,,,,,,,,
144,13,13,64,64,1.0,1/2,1/2,Chord,4/4,1,1,1/4,,1/4,1,131,,,,,,,,,
145,13,13,65,65,0.3333333333333333,3/4,3/4,Chord,4/4,1,1,1/12,,1/8,2/3,132,,,,,,,,,
146,13,13,196/3,196/3,0.3333333333333333,5/6,5/6,Chord,4/4,1,1,1/12,,1/8,2/3,133,,,,,,,,,
147,13,13,197/3,197/3,0.3333333333333333,11/12,11/12,Chord,4/4,1,1,1/12,,1/8,2/3,134,,,,,,,,,
148,13,13,62,62,1.0,0,0,Chord,4/4,2,1,1/4,,1/4,1,135,,,,,,,,,
149,13,13,63,63,1.0,1/4,1/4,Chord,4/4,2,1,1/4,,1/4,1,136,,,,,,,,,
150,13,13,64,64,1.0,1/2,1/2,Chord,4/4,2,1,1/4,,1/4,1,137,,,,,,,,,
151,13,13,65,65,1.0,3/4,3/4,Chord,4/4,2,1,1/4,,1/4,1,138,,,,,,,,,
152,14,14,66,66,0.6666666666666666,0,0,Chord,4/4,1,1,1/6,,1/4,2/3,139,,,,,,,,,
153,14,14,200/3,200/3,0.3333333333333333,1/6,1/6,Chord,4/4,1,1,1/12,,1/8,2/3,140,,,,,,,,,
154,14,14,203/3,203/3,0.3333333333333333,5/12,5/12,Chord,4/4,1,1,1/12,,1/8,2/3,141,,,,,,,,,
155,14,14,208/3,208/3,0.3333333333333333,5/6,5/6,Chord,4/4,1,1,1/12,,1/8,2/3,142,,,,,,,,,
156,14,14,209/3,209/3,0.3333333333333333,11/12,11/12,Chord,4/4,1,1,1/12,,1/8,2/3,143,,,,,,,,,
157,14,14,66,66,1.0,0,0,Chord,4/4,2,1,1/4,,1/4,1,144,,,,,,,,,
158,14,14,67,67,1.0,1/4,1/4,Chord,4/4,2,1,1/4,,1/4,1,145,,,,,,,,,
159,14,14,68,68,1.0,1/2,1/2,Chord,4/4,2,1,1/4,,1/4,1,146,,,,,,,,,
160,14,14,69,69,1.0,3/4,3/4,Chord,4/4,2,1,1/4,,1/4,1,147,,,,,,,,,
161,15,15,70,70,1.0,0,0,Chord,4/4,1,1,1/4,,1/4,1,148,,,,,,,,,
162,15,15,215/3,215/3,0.3333333333333333,5/12,5/12,Chord,4/4,1,1,1/12,,1/8,2/3,149,,,,,,,,,
163,15,15,220/3,220/3,0.3333333333333333,5/6,5/6,Chord,4/4,1,1,1/12,,1/8,2/3,150,,,,,,,,,
164,15,15,221/3,221/3,0.3333333333333333,11/12,11/12,Chord,4/4,1,1,1/12,,1/8,2/3,151,,,,,,,,,
165,15,15,70,70,1.0,0,0,Chord,4/4,2,1,1/4,,1/4,1,152,,,,,,,,,
166,15,15,71,71,1.0,1/4,1/4,Chord,4/4,2,1,1/4,,1/4,1,153,,,,,,,,,
167,15,15,72,72,1.0,1/2,1/2,Chord,4/4,2,1,1/4,,1/4,1,154,,,,,,,,,
168,15,15,73,73,1.0,3/4,3/4,Chord,4/4,2,1,1/4,,1/4,1,155,,,,,,,,,
169,16,16,74,74,0.6666666666666666,0,0,Chord,4/4,1,1,1/6,,1/4,2/3,156,,,,,,,,,
170,16,16,224/3,224/3,0.3333333333333333,1/6,1/6,Chord,4/4,1,1,1/12,,1/8,2/3,157,,,,,,,,,
171,16,16,75,75,0.6666666666666666,1/4,1/4,Chord,4/4,1,1,1/6,,1/4,2/3,158,,,,,,,,,
172,16,16,227/3,227/3,0.3333333333333333,5/12,5/12,Chord,4/4,1,1,1/12,,1/8,2/3,159,,,,,,,,,
173,16,16,229/3,229/3,0.3333333333333333,7/12,7/12,Chord,4/4,1,1,1/12,,1/8,2/3,160,,,,,,,,,
174,16,16,230/3,230/3,0.3333333333333333,2/3,2/3,Chord,4/4,1,1,1/12,,1/8,2/3,161,,,,,,,,,
175,16,16,77,77,0.6666666666666666,3/4,3/4,Chord,4/4,1,1,1/6,,1/4,2/3,162,,,,,,,,,
176,16,16,233/3,233/3,0.3333333333333333,11/12,11/12,Chord,4/4,1,1,1/12,,1/8,2/3,163,,,,,,,,,
177,16,16,74,74,1.0,0,0,Chord,4/4,2,1,1/4,,1/4,1,164,,,,,,,,,
178,16,16,75,75,1.0,1/4,1/4,Chord,4/4,2,1,1/4,,1/4,1,165,,,,,,,,,
179,16,16,76,76,1.0,1/2,1/2,Chord,4/4,2,1,1/4,,1/4,1,166,,,,,,,,,
180,16,16,77,77,1.0,3/4,3/4,Chord,4/4,2,1,1/4,,1/4,1,167,,,,,,,,,
181,17,17,236/3,236/3,0.3333333333333333,1/6,1/6,Chord,4/4,1,1,1/12,,1/8,2/3,168,,,,,,,,,
182,17,17,239/3,239/3,0.3333333333333333,5/12,5/12,Chord,4/4,1,1,1/12,,1/8,2/3,169,,,,,,,,,
183,17,17,242/3,242/3,0.3333333333333333,2/3,2/3,Chord,4/4,1,1,1/12,,1/8,2/3,170,,,,,,,,,
184,17,17,81,81,0.6666666666666666,3/4,3/4,Chord,4/4,1,1,1/6,,1/4,2/3,171,,,,,,,,,
185,17,17,245/3,245/3,0.3333333333333333,11/12,11/12,Chord,4/4,1,1,1/12,,1/8,2/3,172,,,,,,,,,
186,17,17,78,78,1.0,0,0,Chord,4/4,2,1,1/4,,1/4,1,173,,,,,,,,,
187,17,17,79,79,1.0,1/4,1/4,Chord,4/4,2,1,1/4,,1/4,1,174,,,,,,,,,
188,17,17,80,80,1.0,1/2,1/2,Chord,4/4,2,1,1/4,,1/4,1,175,,,,,,,,,
189,17,17,81,81,1.0,3/4,3/4,Chord,4/4,2,1,1/4,,1/4,1,176,,,,,,,,,
190,18,18,248/3,248/3,0.3333333333333333,1/6,1/6,Chord,4/4,1,1,1/12,,1/8,2/3,177,,,,,,,,,
191,18,18,251/3,251/3,0.3333333333333333,5/12,5/12,Chord,4/4,1,1,1/12,,1/8,2/3,178,,,,,,,,,
192,18,18,85,85,1.0,3/4,3/4,Chord,4/4,1,1,1/4,,1/4,1,179,,,,,,,,,
193,18,18,82,82,1.0,0,0,Chord,4/4,2,1,1/4,,1/4,1,180,,,,,,,,,
194,18,18,83,83,1.0,1/4,1/4,Chord,4/4,2,1,1/4,,1/4,1,181,,,,,,,,,
195,18,18,84,84,1.0,1/2,1/2,Chord,4/4,2,1,1/4,,1/4,1,182,,,,,,,,,
196,18,18,85,85,1.0,3/4,3/4,Chord,4/4,2,1,1/4,,1/4,1,183,,,,,,,,,
197,19,19,86,86,0.6666666666666666,0,0,Chord,4/4,1,1,1/6,,1/4,2/3,184,,,,,,,,,
198,19,19,260/3,260/3,0.6666666666666666,1/6,1/6,Chord,4/4,1,1,1/6,,1/4,2/3,185,,,,,,,,,
199,19,19,262/3,262/3,0.6666666666666666,1/3,1/3,Chord,4/4,1,1,1/6,,1/4,2/3,186,,,,,,,,,
200,19,19,88,88,0.6666666666666666,1/2,1/2,Chord,4/4,1,1,1/6,,1/4,2/3,187,,,,,,,,,
201,19,19,266/3,266/3,0.6666666666666666,2/3,2/3,Chord,4/4,1,1,1/6,,1/4,2/3,188,,,,,,,,,
202,19,19,268/3,268/3,0.6666666666666666,5/6,5/6,Chord,4/4,1,1,1/6,,1/4,2/3,189,,,,,,,,,
203,19,19,86,86,1.0,0,0,Chord,4/4,2,1,1/4,,1/4,1,190,,,,,,,,,
204,19,19,87,87,1.0,1/4,1/4,Chord,4/4,2,1,1/4,,1/4,1,191,,,,,,,,,
205,19,19,88,88,1.0,1/2,1/2,Chord,4/4,2,1,1/4,,1/4,1,192,,,,,,,,,
206,19,19,89,89,1.0,3/4,3/4,Chord,4/4,2,1,1/4,,1/4,1,193,,,,,,,,,
207,20,20,90,90,0.6666666666666666,0,0,Chord,4/4,1,1,1/6,,1/4,2/3,194,,,,,,,,,
208,20,20,272/3,272/3,0.3333333333333333,1/6,1/6,Chord,4/4,1,1,1/12,,1/8,2/3,195,,,,,,,,,
209,20,20,278/3,278/3,0.3333333333333333,2/3,2/3,Chord,4/4,1,1,1/12,,1/8,2/3,196,,,,,,,,,
210,20,20,93,93,0.6666666666666666,3/4,3/4,Chord,4/4,1,1,1/6,,1/4,2/3,197,,,,,,,,,
211,20,20,281/3,281/3,0.3333333333333333,11/12,11/12,Chord,4/4,1,1,1/12,,1/8,2/3,198,,,,,,,,,
212,20,20,90,90,1.0,0,0,Chord,4/4,2,1,1/4,,1/4,1,199,,,,,,,,,
213,20,20,91,91,1.0,1/4,1/4,Chord,4/4,2,1,1/4,,1/4,1,200,,,,,,,,,
214,20,20,92,92,1.0,1/2,1/2,Chord,4/4,2,1,1/4,,1/4,1,201,,,,,,,,,
215,20,20,93,93,1.0,3/4,3/4,Chord,4/4,2,1,1/4,,1/4,1,202,,,,,,,,,
216,21,21,284/3,284/3,0.3333333333333333,1/6,1/6,Chord,4/4,1,1,1/12,,1/8,2/3,203,,,,,,,,,
217,21,21,287/3,287/3,0.3333333333333333,5/12,5/12,Chord,4/4,1,1,1/12,,1/8,2/3,204,,,,,,,,,
218,21,21,290/3,290/3,0.3333333333333333,2/3,2/3,Chord,4/4,1,1,1/12,,1/8,2/3,205,,,,,,,,,
219,21,21,97,97,0.6666666666666666,3/4,3/4,Chord,4/4,1,1,1/6,,1/4,2/3,206,,,,,,,,,
220,21,21,293/3,293/3,0.3333333333333333,11/12,11/12,Chord,4/4,1,1,1/12,,1/8,2/3,207,,,,,,,,,
221,21,21,94,94,1.0,0,0,Chord,4/4,2,1,1/4,,1/4,1,208,,,,,,,,,
222,21,21,95,95,1.0,1/4,1/4,Chord,4/4,2,1,1/4,,1/4,1,209,,,,,,,,,
223,21,21,96,96,1.0,1/2,1/2,Chord,4/4,2,1,1/4,,1/4,1,210,,,,,,,,,
224,21,21,97,97,1.0,3/4,3/4,Chord,4/4,2,1,1/4,,1/4,1,211,,,,,,,,,
225,22,22,296/3,296/3,0.3333333333333333,1/6,1/6,Chord,4/4,1,1,1/12,,1/8,2/3,212,,,,,,,,,
226,22,22,299/3,299/3,0.3333333333333333,5/12,5/12,Chord,4/4,1,1,1/12,,1/8,2/3,213,,,,,,,,,
227,22,22,101,101,1.0,3/4,3/4,Chord,4/4,1,1,1/4,,1/4,1,214,,,,,,,,,
228,22,22,98,98,1.0,0,0,Chord,4/4,2,1,1/4,,1/4,1,215,,,,,,,,,
229,22,22,99,99,1.0,1/4,1/4,Chord,4/4,2,1,1/4,,1/4,1,216,,,,,,,,,
230,22,22,100,100,1.0,1/2,1/2,Chord,4/4,2,1,1/4,,1/4,1,217,,,,,,,,,
231,22,22,101,101,1.0,3/4,3/4,Chord,4/4,2,1,1/4,,1/4,1,218,,,,,,,,,
232,23,23,102,102,0.6666666666666666,0,0,Chord,4/4,1,1,1/6,,1/4,2/3,219,,,,,,,,,
233,23,23,308/3,308/3,0.6666666666666666,1/6,1/6,Chord,4/4,1,1,1/6,,1/4,2/3,220,,,,,,,,,
234,23,23,310/3,310/3,0.6666666666666666,1/3,1/3,Chord,4/4,1,1,1/6,,1/4,2/3,221,,,,,,,,,
235,23,23,104,104,0.6666666666666666,1/2,1/2,Chord,4/4,1,1,1/6,,1/4,2/3,222,,,,,,,,,
236,23,23,314/3,314/3,0.6666666666666666,2/3,2/3,Chord,4/4,1,1,1/6,,1/4,2/3,223,,,,,,,,,
237,23,23,316/3,316/3,0.6666666666666666,5/6,5/6,Chord,4/4,1,1,1/6,,1/4,2/3,224,,,,,,,,,
238,23,23,102,102,1.0,0,0,Chord,4/4,2,1,1/4,,1/4,1,225,,,,,,,,,
239,23,23,103,103,1.0,1/4,1/4,Chord,4/4,2,1,1/4,,1/4,1,226,,,,,,,,,
240,23,23,104,104,1.0,1/2,1/2,Chord,4/4,2,1,1/4,,1/4,1,227,,,,,,,,,
241,23,23,105,105,1.0,3/4,3/4,Chord,4/4,2,1,1/4,,1/4,1,228,,,,,,,,,
242,24,24,106,106,0.6666666666666666,0,0,Chord,4/4,1,1,1/6,,1/4,2/3,229,,,,,,,,,
243,24,24,320/3,320/3,0.3333333333333333,1/6,1/6,Chord,4/4,1,1,1/12,,1/8,2/3,230,,,,,,,,,
244,24,24,322/3,322/3,0.3333333333333333,1/3,1/3,Chord,4/4,1,1,1/12,,1/8,2/3,231,,,,,,,,,
245,24,24,323/3,323/3,0.3333333333333333,5/12,5/12,Chord,4/4,1,1,1/12,,1/8,2/3,232,,,,,,,,,
246,24,24,108,108,0.3333333333333333,1/2,1/2,Chord,4/4,1,1,1/12,,1/8,2/3,233,,,,,,,,,
247,24,24,325/3,325/3,0.3333333333333333,7/12,7/12,Chord,4/4,1,1,1/12,,1/8,2/3,234,,,,,,,,,
248,24,24,109,109,1.0,3/4,3/4,Chord,4/4,1,1,1/4,,1/4,1,235,,,,,,,,,
249,24,24,106,106,2.0,0,0,Chord,4/4,2,1,1/2,,1/2,1,236,,,,,,,,,
250,24,24,108,108,2.0,1/2,1/2,Chord,4/4,2,1,1/2,,1/2,1,237,,,,,,,,,
251,25,25,110,110,1.0,0,0,Chord,4/4,1,1,1/4,,1/4,1,238,,,,,,,,,
252,25,25,111,111,1.0,1/4,1/4,Chord,4/4,1,1,1/4,,1/4,1,239,,,,,,,,,
253,25,25,112,112,1.0,1/2,1/2,Chord,4/4,1,1,1/4,,1/4,1,240,,,,,,,,,
254,25,25,113,113,1.0,3/4,3/4,Chord,4/4,1,1,1/4,,1/4,1,241,,,,,,,,,
255,25,25,110,110,1.0,0,0,Chord,4/4,2,1,1/4,,1/4,1,242,,,,,,,,,
256,25,25,113,113,1.0,3/4,3/4,Chord,4/4,2,1,1/4,,1/4,1,243,,,,,,,,,
257,26,26,114,114,1.0,0,0,Chord,4/4,1,1,1/4,,1/4,1,244,,,,,,,,,
258,26,26,115,115,1.0,1/4,1/4,Chord,4/4,1,1,1/4,,1/4,1,245,,,,,,,,,
259,26,26,116,116,1.0,1/2,1/2,Chord,4/4,1,1,1/4,,1/4,1,246,,,,,,,,,
260,26,26,117,117,1.0,3/4,3/4,Chord,4/4,1,1,1/4,,1/4,1,247,,,,,,,,,
261,26,26,114,114,1.0,0,0,Chord,4/4,2,1,1/4,,1/4,1,248,,,,,,,,,
262,26,26,116,116,1.0,1/2,1/2,Chord,4/4,2,1,1/4,,1/4,1,249,,,,,,,,,
263,27,27,118,118,1.0,0,0,Chord,4/4,1,1,1/4,,1/4,1,250,,,,,,,,,
264,27,27,119,119,1.0,1/4,1/4,Chord,4/4,1,1,1/4,,1/4,1,251,,,,,,,,,
265,27,27,120,120,1.0,1/2,1/2,Chord,4/4,1,1,1/4,,1/4,1,252,,,,,,,,,
266,27,27,121,121,0.6666666666666666,3/4,3/4,Chord,4/4,1,1,1/6,,1/4,2/3,253,,,,,,,,,
267,27,27,365/3,365/3,0.3333333333333333,11/12,11/12,Chord,4/4,1,1,1/12,,1/8,2/3,254,,,,,,,,,
268,27,27,118,118,1.0,0,0,Chord,4/4,2,1,1/4,,1/4,1,255,,,,,,,,,
269,27,27,121,121,0.6666666666666666,3/4,3/4,Chord,4/4,2,1,1/6,,1/4,2/3,256,,,,,,,,,
270,27,27,365/3,365/3,0.3333333333333333,11/12,11/12,Chord,4/4,2,1,1/12,,1/8,2/3,257,,,,,,,,,
271,28,28,122,122,0.3333333333333333,0,0,Chord,4/4,1,1,1/12,,1/8,2/3,258,,,,,,,,,
272,28,28,367/3,367/3,0.6666666666666666,1/12,1/12,Chord,4/4,1,1,1/6,,1/4,2/3,259,,,,,,,,,
273,28,28,123,123,2.0,1/4,1/4,Chord,4/4,1,1,1/2,,1/2,1,260,,,,,,,,,
274,28,28,125,125,1.0,3/4,3/4,Chord,4/4,1,1,1/4,,1/4,1,261,,,,,,,,,
275,28,28,122,122,1.0,0,0,Chord,4/4,2,1,1/4,,1/4,1,262,,,,,,,,,
276,28,28,125,125,1.0,3/4,3/4,Chord,4/4,2,1,1/4,,1/4,1,263,,,,,,,,,
277,29,29,126,126,1.0,0,0,Chord,4/4,1,1,1/4,,1/4,1,264,,,,,,,,,
278,29,29,127,127,1.0,1/4,1/4,Chord,4/4,1,1,1/4,,1/4,1,265,,,,,,,,,
279,29,29,128,128,1.0,1/2,1/2,Chord,4/4,1,1,1/4,,1/4,1,266,,,,,,,,,
280,29,29,129,129,1.0,3/4,3/4,Chord,4/4,1,1,1/4,,1/4,1,267,,,,,,,,,
281,29,29,126,126,1.0,0,0,Chord,4/4,2,1,1/4,,1/4,1,268,,,,,,,,,
282,29,29,127,127,1.0,1/4,1/4,Chord,4/4,2,1,1/4,,1/4,1,269,,,,,,,,,
283,29,29,128,128,1.0,1/2,1/2,Chord,4/4,2,1,1/4,,1/4,1,270,,,,,,,,,
284,29,29,129,129,1.0,3/4,3/4,Chord,4/4,2,1,1/4,,1/4,1,271,,,,,,,,,
285,30,30,130,130,1.0,0,0,Chord,4/4,1,1,1/4,,1/4,1,272,,,,,,,,,
286,30,30,131,131,1.0,1/4,1/4,Chord,4/4,1,1,1/4,,1/4,1,273,,,,,,,,,
287,30,30,132,132,1.0,1/2,1/2,Chord,4/4,1,1,1/4,,1/4,1,274,,,,,,,,,
288,30,30,133,133,1.0,3/4,3/4,Chord,4/4,1,1,1/4,,1/4,1,275,,,,,,,,,
289,30,30,130,130,1.0,0,0,Chord,4/4,2,1,1/4,,1/4,1,276,,,,,,,,,
290,30,30,131,131,1.0,1/4,1/4,Chord,4/4,2,1,1/4,,1/4,1,277,,,,,,,,,
291,30,30,132,132,1.0,1/2,1/2,Chord,4/4,2,1,1/4,,1/4,1,278,,,,,,,,,
292,30,30,133,133,1.0,3/4,3/4,Chord,4/4,2,1,1/4,,1/4,1,279,,,,,,,,,
293,31,31,134,134,1.0,0,0,Chord,4/4,1,1,1/4,,1/4,1,280,,,,,,,,,
294,31,31,135,135,1.0,1/4,1/4,Chord,4/4,1,1,1/4,,1/4,1,281,,,,,,,,,
295,31,31,136,136,2.0,1/2,1/2,Chord,4/4,1,1,1/2,r32,1/2,1,282,,,,,,,,,
296,31,31,134,134,1.0,0,0,Chord,4/4,2,1,1/4,,1/4,1,283,,,,,,,,,
297,31,31,135,135,1.0,1/4,1/4,Chord,4/4,2,1,1/4,,1/4,1,284,,,,,,,,,
298,31,31,136,136,1.0,1/2,1/2,Chord,4/4,2,1,1/4,,1/4,1,285,,,,,,,,,
299,31,31,137,137,1.0,3/4,3/4,Chord,4/4,2,1,1/4,,1/4,1,286,,,,,,,,,
300,32,32,138,138,2.0,0,0,Chord,4/4,1,1,1/2,r32,1/2,1,287,,,,,,,,,
301,32,32,140,140,0.0,1/2,1/2,Dynamic,4/4,1,1,0,,,,,ff,,,,,,,,
302,32,32,140,140,0.6666666666666666,1/2,1/2,Chord,4/4,1,1,1/6,,1/4,2/3,288,,,,,,,,,
303,32,32,422/3,422/3,0.6666666666666666,2/3,2/3,Chord,4/4,1,1,1/6,,1/4,2/3,289,,,,,,,,,
304,32,32,424/3,424/3,0.6666666666666666,5/6,5/6,Chord,4/4,1,1,1/6,,1/4,2/3,290,,,,,,,,,
305,32,32,138,138,2.0,0,0,Chord,4/4,2,1,1/2,,1/2,1,291,,,,,,,,,
306,33,33,142,142,1.0,0,0,Chord,4/4,1,1,1/4,,1/4,1,292,,,,,,,,,
307,33,33,143,143,1.0,1/4,1/4,Chord,4/4,1,1,1/4,,1/4,1,293,,,,,,,,,
308,33,33,144,144,0.6666666666666666,1/2,1/2,Chord,4/4,1,1,1/6,,1/4,2/3,294,,,,,,,,,
309,33,33,434/3,434/3,0.3333333333333333,2/3,2/3,Chord,4/4,1,1,1/12,,1/8,2/3,295,,,,,,,,,
310,33,33,145,145,0.6666666666666666,3/4,3/4,Chord,4/4,1,1,1/6,,1/4,2/3,296,,,,,,,,,
311,33,33,437/3,437/3,0.3333333333333333,11/12,11/12,Chord,4/4,1,1,1/12,,1/8,2/3,297,,,,,,,,,
312,33,33,142,142,0.0,0,0,Dynamic,4/4,2,1,0,,,,,mf,,,,,,,,
313,33,33,142,142,1.0,0,0,Chord,4/4,2,1,1/4,,1/4,1,298,,,,,,,,,
314,33,33,143,143,1.0,1/4,1/4,Chord,4/4,2,1,1/4,,1/4,1,299,,,,,,,,,
315,33,33,144,144,1.0,1/2,1/2,Chord,4/4,2,1,1/4,,1/4,1,300,,,,,,,,,
316,33,33,145,145,1.0,3/4,3/4,Chord,4/4,2,1,1/4,,1/4,1,301,,,,,,,,,
317,34,34,146,146,1.0,0,0,Chord,4/4,1,1,1/4,,1/4,1,302,,,,,,,,,
318,34,34,147,147,1.0,1/4,1/4,Chord,4/4,1,1,1/4,,1/4,1,303,,,,,,,,,
319,34,34,148,148,0.3333333333333333,1/2,1/2,Chord,4/4,1,1,1/12,,1/8,2/3,304,,,,,,,,,
320,34,34,445/3,445/3,0.3333333333333333,7/12,7/12,Chord,4/4,1,1,1/12,,1/8,2/3,305,,,,,,,,,
321,34,34,446/3,446/3,0.3333333333333333,2/3,2/3,Chord,4/4,1,1,1/12,,1/8,2/3,306,,,,,,,,,
322,34,34,149,149,0.3333333333333333,3/4,3/4,Chord,4/4,1,1,1/12,,1/8,2/3,307,,,,,,,,,
323,34,34,448/3,448/3,0.3333333333333333,5/6,5/6,Chord,4/4,1,1,1/12,,1/8,2/3,308,,,,,,,,,
324,34,34,449/3,449/3,0.3333333333333333,11/12,11/12,Chord,4/4,1,1,1/12,,1/8,2/3,309,,,,,,,,,
325,34,34,146,146,1.0,0,0,Chord,4/4,2,1,1/4,,1/4,1,310,,,,,,,,,
326,34,34,147,147,1.0,1/4,1/4,Chord,4/4,2,1,1/4,,1/4,1,311,,,,,,,,,
327,34,34,148,148,1.0,1/2,1/2,Chord,4/4,2,1,1/4,,1/4,1,312,,,,,,,,,
328,34,34,149,149,1.0,3/4,3/4,Chord,4/4,2,1,1/4,,1/4,1,313,,,,,,,,,
329,35,35,150,150,0.6666666666666666,0,0,Chord,4/4,1,1,1/6,,1/4,2/3,314,,,,,,,,,
330,35,35,452/3,452/3,0.3333333333333333,1/6,1/6,Chord,4/4,1,1,1/12,,1/8,2/3,315,,,,,,,,,
331,35,35,152,152,0.3333333333333333,1/2,1/2,Chord,4/4,1,1,1/12,,1/8,2/3,316,,,,,,,,,
332,35,35,457/3,457/3,0.3333333333333333,7/12,7/12,Chord,4/4,1,1,1/12,,1/8,2/3,317,,,,,,,,,
333,35,35,458/3,458/3,0.3333333333333333,2/3,2/3,Chord,4/4,1,1,1/12,,1/8,2/3,318,,,,,,,,,
334,35,35,153,153,0.3333333333333333,3/4,3/4,Chord,4/4,1,1,1/12,,1/8,2/3,319,,,,,,,,,
335,35,35,460/3,460/3,0.3333333333333333,5/6,5/6,Chord,4/4,1,1,1/12,,1/8,2/3,320,,,,,,,,,
336,35,35,461/3,461/3,0.3333333333333333,11/12,11/12,Chord,4/4,1,1,1/12,,1/8,2/3,321,,,,,,,,,
337,35,35,150,150,1.0,0,0,Chord,4/4,2,1,1/4,,1/4,1,322,,,,,,,,,
338,35,35,151,151,1.0,1/4,1/4,Chord,4/4,2,1,1/4,,1/4,1,323,,,,,,,,,
339,35,35,152,152,1.0,1/2,1/2,Chord,4/4,2,1,1/4,,1/4,1,324,,,,,,,,,
340,35,35,153,153,1.0,3/4,3/4,Chord,4/4,2,1,1/4,,1/4,1,325,,,,,,,,,
341,36,36,154,154,0.6666666666666666,0,0,Chord,4/4,1,1,1/6,,1/4,2/3,326,,,,,,,,,
342,36,36,464/3,464/3,0.3333333333333333,1/6,1/6,Chord,4/4,1,1,1/12,,1/8,2/3,327,,,,,,,,,
343,36,36,156,156,0.6666666666666666,1/2,1/2,Chord,4/4,1,1,1/6,,1/4,2/3,328,,,,,,,,,
344,36,36,470/3,470/3,0.6666666666666666,2/3,2/3,Chord,4/4,1,1,1/6,,1/4,2/3,329,,,,,,,,,
345,36,36,472/3,472/3,0.6666666666666666,5/6,5/6,Chord,4/4,1,1,1/6,,1/4,2/3,330,,,,,,,,,
346,36,36,154,154,1.0,0,0,Chord,4/4,2,1,1/4,,1/4,1,331,,,,,,,,,
347,36,36,155,155,1.0,1/4,1/4,Chord,4/4,2,1,1/4,,1/4,1,332,,,,,,,,,
348,36,36,156,156,1.0,1/2,1/2,Chord,4/4,2,1,1/4,,1/4,1,333,,,,,,,,,
349,36,36,157,157,1.0,3/4,3/4,Chord,4/4,2,1,1/4,,1/4,1,334,,,,,,,,,
350,37,37,158,158,1.0,0,0,Chord,4/4,1,1,1/4,,1/4,1,335,,,,,,,,,
351,37,37,159,159,1.0,1/4,1/4,Chord,4/4,1,1,1/4,,1/4,1,336,,,,,,,,,
352,37,37,160,160,0.6666666666666666,1/2,1/2,Chord,4/4,1,1,1/6,,1/4,2/3,337,,,,,,,,,
353,37,37,482/3,482/3,0.3333333333333333,2/3,2/3,Chord,4/4,1,1,1/12,,1/8,2/3,338,,,,,,,,,
354,37,37,161,161,0.6666666666666666,3/4,3/4,Chord,4/4,1,1,1/6,,1/4,2/3,339,,,,,,,,,
355,37,37,485/3,485/3,0.3333333333333333,11/12,11/12,Chord,4/4,1,1,1/12,,1/8,2/3,340,,,,,,,,,
356,37,37,158,158,0.0,0,0,Dynamic,4/4,2,1,0,,,,,mf,,,,,,,,
357,37,37,158,158,1.0,0,0,Chord,4/4,2,1,1/4,,1/4,1,341,,,,,,,,,
358,37,37,159,159,1.0,1/4,1/4,Chord,4/4,2,1,1/4,,1/4,1,342,,,,,,,,,
359,37,37,160,160,1.0,1/2,1/2,Chord,4/4,2,1,1/4,,1/4,1,343,,,,,,,,,
360,37,37,161,161,1.0,3/4,3/4,Chord,4/4,2,1,1/4,,1/4,1,344,,,,,,,,,
361,38,38,162,162,1.0,0,0,Chord,4/4,1,1,1/4,,1/4,1,345,,,,,,,,,
362,38,38,163,163,1.0,1/4,1/4,Chord,4/4,1,1,1/4,,1/4,1,346,,,,,,,,,
363,38,38,164,164,0.3333333333333333,1/2,1/2,Chord,4/4,1,1,1/12,,1/8,2/3,347,,,,,,,,,
364,38,38,493/3,493/3,0.3333333333333333,7/12,7/12,Chord,4/4,1,1,1/12,,1/8,2/3,348,,,,,,,,,
365,38,38,494/3,494/3,0.3333333333333333,2/3,2/3,Chord,4/4,1,1,1/12,,1/8,2/3,349,,,,,,,,,
366,38,38,165,165,0.3333333333333333,3/4,3/4,Chord,4/4,1,1,1/12,,1/8,2/3,350,,,,,,,,,
367,38,38,496/3,496/3,0.3333333333333333,5/6,5/6,Chord,4/4,1,1,1/12,,1/8,2/3,351,,,,,,,,,
368,38,38,497/3,497/3,0.3333333333333333,11/12,11/12,Chord,4/4,1,1,1/12,,1/8,2/3,352,,,,,,,,,
369,38,38,162,162,1.0,0,0,Chord,4/4,2,1,1/4,,1/4,1,353,,,,,,,,,
370,38,38,163,163,1.0,1/4,1/4,Chord,4/4,2,1,1/4,,1/4,1,354,,,,,,,,,
371,38,38,164,164,1.0,1/2,1/2,Chord,4/4,2,1,1/4,,1/4,1,355,,,,,,,,,
372,38,38,165,165,1.0,3/4,3/4,Chord,4/4,2,1,1/4,,1/4,1,356,,,,,,,,,
373,39,39,166,166,0.6666666666666666,0,0,Chord,4/4,1,1,1/6,,1/4,2/3,357,,,,,,,,,
374,39,39,500/3,500/3,0.3333333333333333,1/6,1/6,Chord,4/4,1,1,1/12,,1/8,2/3,358,,,,,,,,,
375,39,39,168,168,0.3333333333333333,1/2,1/2,Chord,4/4,1,1,1/12,,1/8,2/3,359,,,,,,,,,
376,39,39,505/3,505/3,0.3333333333333333,7/12,7/12,Chord,4/4,1,1,1/12,,1/8,2/3,360,,,,,,,,,
377,39,39,506/3,506/3,0.3333333333333333,2/3,2/3,Chord,4/4,1,1,1/12,,1/8,2/3,361,,,,,,,,,
378,39,39,169,169,0.3333333333333333,3/4,3/4,Chord,4/4,1,1,1/12,,1/8,2/3,362,,,,,,,,,
379,39,39,508/3,508/3,0.3333333333333333,5/6,5/6,Chord,4/4,1,1,1/12,,1/8,2/3,363,,,,,,,,,
380,39,39,509/3,509/3,0.3333333333333333,11/12,11/12,Chord,4/4,1,1,1/12,,1/8,2/3,364,,,,,,,,,
381,39,39,166,166,1.0,0,0,Chord,4/4,2,1,1/4,,1/4,1,365,,,,,,,,,
382,39,39,167,167,1.0,1/4,1/4,Chord,4/4,2,1,1/4,,1/4,1,366,,,,,,,,,
383,39,39,168,168,1.0,1/2,1/2,Chord,4/4,2,1,1/4,,1/4,1,367,,,,,,,,,
384,39,39,169,169,1.0,3/4,3/4,Chord,4/4,2,1,1/4,,1/4,1,368,,,,,,,,,
385,40,40,170,170,0.6666666666666666,0,0,Chord,4/4,1,1,1/6,,1/4,2/3,369,,,,,,,,,
386,40,40,512/3,512/3,0.3333333333333333,1/6,1/6,Chord,4/4,1,1,1/12,,1/8,2/3,370,,,,,,,,,
387,40,40,172,172,0.6666666666666666,1/2,1/2,Chord,4/4,1,1,1/6,,1/4,2/3,371,,,,,,,,,
388,40,40,518/3,518/3,0.6666666666666666,2/3,2/3,Chord,4/4,1,1,1/6,,1/4,2/3,372,,,,,,,,,
389,40,40,520/3,520/3,0.6666666666666666,5/6,5/6,Chord,4/4,1,1,1/6,,1/4,2/3,373,,,,,,,,,
390,40,40,170,170,1.0,0,0,Chord,4/4,2,1,1/4,,1/4,1,374,,,,,,,,,
391,40,40,171,171,1.0,1/4,1/4,Chord,4/4,2,1,1/4,,1/4,1,375,,,,,,,,,
392,40,40,172,172,1.0,1/2,1/2,Chord,4/4,2,1,1/4,,1/4,1,376,,,,,,,,,
393,40,40,173,173,1.0,3/4,3/4,Chord,4/4,2,1,1/4,,1/4,1,377,,,,,,,,,
394,41,41,174,174,1.0,0,0,Chord,4/4,1,1,1/4,,1/4,1,378,,,,,,,,,
395,41,41,175,175,1.0,1/4,1/4,Chord,4/4,1,1,1/4,,1/4,1,379,,,,,,,,,
396,41,41,176,176,1.0,1/2,1/2,Chord,4/4,1,1,1/4,,1/4,1,380,,,,,,,,,
397,41,41,177,177,1.0,3/4,3/4,Chord,4/4,1,1,1/4,,1/4,1,381,,,,,,,,,
398,41,41,174,174,1.0,0,0,Chord,4/4,2,1,1/4,,1/4,1,382,,,,,,,,,
399,41,41,175,175,1.0,1/4,1/4,Chord,4/4,2,1,1/4,,1/4,1,383,,,,,,,,,
400,41,41,176,176,1.0,1/2,1/2,Chord,4/4,2,1,1/4,,1/4,1,384,,,,,,,,,
401,41,41,177,177,0.6666666666666666,3/4,3/4,Chord,4/4,2,1,1/6,,1/4,2/3,385,,,,,,,,,
402,41,41,533/3,533/3,0.3333333333333333,11/12,11/12,Chord,4/4,2,1,1/12,,1/8,2/3,386,,,,,,,,,
403,42,42,178,178,1.0,0,0,Chord,4/4,1,1,1/4,,1/4,1,387,,,,,,,,,
404,42,42,179,179,1.0,1/4,1/4,Chord,4/4,1,1,1/4,,1/4,1,388,,,,,,,,,
405,42,42,180,180,1.0,1/2,1/2,Chord,4/4,1,1,1/4,,1/4,1,389,,,,,,,,,
406,42,42,181,181,1.0,3/4,3/4,Chord,4/4,1,1,1/4,,1/4,1,390,,,,,,,,,
407,42,42,178,178,1.0,0,0,Chord,4/4,2,1,1/4,,1/4,1,391,,,,,,,,,
408,42,42,179,179,1.0,1/4,1/4,Chord,4/4,2,1,1/4,,1/4,1,392,,,,,,,,,
409,42,42,180,180,1.0,1/2,1/2,Chord,4/4,2,1,1/4,,1/4,1,393,,,,,,,,,
410,42,42,181,181,0.6666666666666666,3/4,3/4,Chord,4/4,2,1,1/6,,1/4,2/3,394,,,,,,,,,
411,42,42,545/3,545/3,0.3333333333333333,11/12,11/12,Chord,4/4,2,1,1/12,,1/8,2/3,395,,,,,,,,,
412,43,43,182,182,1.0,0,0,Chord,4/4,1,1,1/4,,1/4,1,396,,,,,,,,,
413,43,43,183,183,1.0,1/4,1/4,Chord,4/4,1,1,1/4,,1/4,1,397,,,,,,,,,
414,43,43,184,184,1.0,1/2,1/2,Chord,4/4,1,1,1/4,,1/4,1,398,,,,,,,,,
415,43,43,185,185,0.6666666666666666,3/4,3/4,Chord,4/4,1,1,1/6,,1/4,2/3,399,,,,,,,,,
416,43,43,557/3,557/3,0.3333333333333333,11/12,11/12,Chord,4/4,1,1,1/12,,1/8,2/3,400,,,,,,,,,
417,43,43,182,182,1.0,0,0,Chord,4/4,2,1,1/4,,1/4,1,401,,,,,,,,,
418,43,43,183,183,1.0,1/4,1/4,Chord,4/4,2,1,1/4,,1/4,1,402,,,,,,,,,
419,43,43,184,184,1.0,1/2,1/2,Chord,4/4,2,1,1/4,,1/4,1,403,,,,,,,,,
420,43,43,185,185,1.0,3/4,3/4,Chord,4/4,2,1,1/4,,1/4,1,404,,,,,,,,,
421,44,44,186,186,1.0,0,0,Chord,4/4,1,1,1/4,,1/4,1,405,,,,,,,,,
422,44,44,189,189,1.0,3/4,3/4,Chord,4/4,1,1,1/4,,1/4,1,406,,,,,,,,,
423,44,44,186,186,1.0,0,0,Chord,4/4,2,1,1/4,,1/4,1,407,,,,,,,,,
424,44,44,187,187,1.0,1/4,1/4,Chord,4/4,2,1,1/4,,1/4,1,408,,,,,,,,,
425,44,44,188,188,1.0,1/2,1/2,Chord,4/4,2,1,1/4,,1/4,1,409,,,,,,,,,
426,44,44,189,189,1.0,3/4,3/4,Chord,4/4,2,1,1/4,,1/4,1,410,,,,,,,,,
427,45,45,190,190,1.0,0,0,Chord,4/4,1,1,1/4,,1/4,1,411,,,,,,,,,
428,45,45,191,191,1.0,1/4,1/4,Chord,4/4,1,1,1/4,,1/4,1,412,,,,,,,,,
429,45,45,192,192,1.0,1/2,1/2,Chord,4/4,1,1,1/4,,1/4,1,413,,,,,,,,,
430,45,45,193,193,1.0,3/4,3/4,Chord,4/4,1,1,1/4,,1/4,1,414,,,,,,,,,
431,45,45,190,190,1.0,0,0,Chord,4/4,2,1,1/4,,1/4,1,415,,,,,,,,,
432,45,45,191,191,1.0,1/4,1/4,Chord,4/4,2,1,1/4,,1/4,1,416,,,,,,,,,
433,45,45,192,192,1.0,1/2,1/2,Chord,4/4,2,1,1/4,,1/4,1,417,,,,,,,,,
434,45,45,193,193,0.6666666666666666,3/4,3/4,Chord,4/4,2,1,1/6,,1/4,2/3,418,,,,,,,,,
435,45,45,581/3,581/3,0.3333333333333333,11/12,11/12,Chord,4/4,2,1,1/12,,1/8,2/3,419,,,,,,,,,
436,46,46,194,194,1.0,0,0,Chord,4/4,1,1,1/4,,1/4,1,420,,,,,,,,,
437,46,46,195,195,1.0,1/4,1/4,Chord,4/4,1,1,1/4,,1/4,1,421,,,,,,,,,
438,46,46,196,196,1.0,1/2,1/2,Chord,4/4,1,1,1/4,,1/4,1,422,,,,,,,,,
439,46,46,197,197,1.0,3/4,3/4,Chord,4/4,1,1,1/4,,1/4,1,423,,,,,,,,,
440,46,46,194,194,1.0,0,0,Chord,4/4,2,1,1/4,,1/4,1,424,,,,,,,,,
441,46,46,195,195,1.0,1/4,1/4,Chord,4/4,2,1,1/4,,1/4,1,425,,,,,,,,,
442,46,46,196,196,1.0,1/2,1/2,Chord,4/4,2,1,1/4,,1/4,1,426,,,,,,,,,
443,46,46,197,197,0.6666666666666666,3/4,3/4,Chord,4/4,2,1,1/6,,1/4,2/3,427,,,,,,,,,
444,46,46,593/3,593/3,0.3333333333333333,11/12,11/12,Chord,4/4,2,1,1/12,,1/8,2/3,428,,,,,,,,,
445,47,47,198,198,1.0,0,0,Chord,4/4,1,1,1/4,,1/4,1,429,,,,,,,,,
446,47,47,199,199,1.0,1/4,1/4,Chord,4/4,1,1,1/4,,1/4,1,430,,,,,,,,,
447,47,47,200,200,1.0,1/2,1/2,Chord,4/4,1,1,1/4,,1/4,1,431,,,,,,,,,
448,47,47,201,201,0.6666666666666666,3/4,3/4,Chord,4/4,1,1,1/6,,1/4,2/3,432,,,,,,,,,
449,47,47,605/3,605/3,0.3333333333333333,11/12,11/12,Chord,4/4,1,1,1/12,,1/8,2/3,433,,,,,,,,,
450,47,47,198,198,1.0,0,0,Chord,4/4,2,1,1/4,,1/4,1,434,,,,,,,,,
451,47,47,199,199,1.0,1/4,1/4,Chord,4/4,2,1,1/4,,1/4,1,435,,,,,,,,,
452,47,47,200,200,1.0,1/2,1/2,Chord,4/4,2,1,1/4,,1/4,1,436,,,,,,,,,
453,47,47,201,201,1.0,3/4,3/4,Chord,4/4,2,1,1/4,,1/4,1,437,,,,,,,,,
454,48,48,202,202,1.0,0,0,Chord,4/4,1,1,1/4,,1/4,1,438,,,,,,,,,
455,48,48,202,202,1.0,0,0,Chord,4/4,2,1,1/4,,1/4,1,439,,,,,,,,,
456,48,48,203,203,1.0,1/4,1/4,Chord,4/4,2,1,1/4,,1/4,1,440,,,,,,,,,
457,48,48,204,204,1.0,1/2,1/2,Chord,4/4,2,1,1/4,,1/4,1,441,,,,,,,,,
458,48,48,205,205,1.0,3/4,3/4,Chord,4/4,2,1,1/4,,1/4,1,442,,,,,,,,,
