mc,mn,quarterbeats,quarterbeats_all_endings,duration_qb,mc_onset,mn_onset,timesig,staff,voice,duration,nominal_duration,scalar,tied,tpc,midi,name,octave,chord_id,color,time,dur,player,capped,conflicting
1,1,0,0,6.0,0,0,12/8,2,1,3/2,1,3/2,,0,48,C3,3,12,,0.0,2,0,True,False
1,1,0,0,0.5,0,0,12/8,1,1,1/8,1/8,1,,3,69,A4,4,0,,0.0,0,1,False,False
1,1,1/2,1/2,0.5,1/8,1/8,12/8,1,1,1/8,1/8,1,,3,69,A4,4,1,,0.16666666666666669,0,1,False,False
1,1,1,1,0.5,1/4,1/4,12/8,1,1,1/8,1/8,1,,5,71,B4,4,2,,0.33333333333333337,0,2,False,False
1,1,3/2,3/2,0.5,3/8,3/8,12/8,1,1,1/8,1/8,1,,5,71,B4,4,3,,0.5,0,2,False,False
1,1,2,2,0.5,1/2,1/2,12/8,1,1,1/8,1/8,1,,5,71,B4,4,4,,0.6666666666666667,0,2,False,False
1,1,5/2,5/2,0.5,5/8,5/8,12/8,1,1,1/8,1/8,1,,5,71,B4,4,5,,0.8333333333333335,0,2,False,False
1,1,3,3,0.5,3/4,3/4,12/8,1,1,1/8,1/8,1,,0,72,C5,5,6,,1.0000000000000002,0,3,False,False
1,1,7/2,7/2,0.5,7/8,7/8,12/8,1,1,1/8,1/8,1,,5,71,B4,4,7,,1.166666666666667,0,2,False,False
1,1,4,4,0.5,1,1,12/8,1,1,1/8,1/8,1,,5,71,B4,4,8,,1.3333333333333337,0,2,False,False
1,1,9/2,9/2,0.5,9/8,9/8,12/8,1,1,1/8,1/8,1,,5,71,B4,4,9,,1.5000000000000004,0,2,False,False
1,1,5,5,0.5,5/4,5/4,12/8,1,1,1/8,1/8,1,,1,67,G4,4,10,,1.6666666666666672,0,4,False,False
1,1,11/2,11/2,0.5,11/8,11/8,12/8,1,1,1/8,1/8,1,,1,67,G4,4,11,,1.833333333333334,0,4,False,False
2,2,6,6,6.0,0,0,12/8,2,1,3/2,1,3/2,,1,43,G2,2,25,,2.0000000000000004,2,5,True,False
2,2,6,6,0.5,0,0,12/8,1,1,1/8,1/8,1,,3,69,A4,4,13,,2.0000000000000004,0,1,False,False
2,2,13/2,13/2,0.5,1/8,1/8,12/8,1,1,1/8,1/8,1,,3,69,A4,4,14,,2.166666666666667,0,1,False,False
2,2,7,7,0.5,1/4,1/4,12/8,1,1,1/8,1/8,1,,5,71,B4,4,15,,2.3333333333333335,0,2,False,False
2,2,15/2,15/2,0.5,3/8,3/8,12/8,1,1,1/8,1/8,1,,5,71,B4,4,16,,2.5,0,2,False,False
2,2,8,8,0.5,1/2,1/2,12/8,1,1,1/8,1/8,1,,5,71,B4,4,17,,2.6666666666666665,0,2,False,False
2,2,17/2,17/2,0.5,5/8,5/8,12/8,1,1,1/8,1/8,1,,5,71,B4,4,18,,2.833333333333333,0,2,False,False
2,2,9,9,0.5,3/4,3/4,12/8,1,1,1/8,1/8,1,,0,72,C5,5,19,,2.9999999999999996,0,3,False,False
2,2,19/2,19/2,0.5,7/8,7/8,12/8,1,1,1/8,1/8,1,,5,71,B4,4,20,,3.166666666666666,0,2,False,False
2,2,10,10,0.5,1,1,12/8,1,1,1/8,1/8,1,,5,71,B4,4,21,,3.3333333333333326,0,2,False,False
2,2,21/2,21/2,0.5,9/8,9/8,12/8,1,1,1/8,1/8,1,,5,71,B4,4,22,,3.499999999999999,0,2,False,False
2,2,11,11,0.5,5/4,5/4,12/8,1,1,1/8,1/8,1,,1,67,G4,4,23,,3.6666666666666656,0,4,False,False
2,2,23/2,23/2,0.5,11/8,11/8,12/8,1,1,1/8,1/8,1,,1,67,G4,4,24,,3.833333333333332,0,4,False,False
3,3,12,12,6.0,0,0,12/8,2,1,3/2,1,3/2,,3,45,A2,2,38,,3.9999999999999987,2,4,True,False
3,3,12,12,0.5,0,0,12/8,1,1,1/8,1/8,1,,3,69,A4,4,26,,3.9999999999999987,0,1,False,False
3,3,25/2,25/2,0.5,1/8,1/8,12/8,1,1,1/8,1/8,1,,3,69,A4,4,27,,4.166666666666665,0,1,False,False
3,3,13,13,0.5,1/4,1/4,12/8,1,1,1/8,1/8,1,,5,71,B4,4,28,,4.333333333333332,0,2,False,False
3,3,27/2,27/2,0.5,3/8,3/8,12/8,1,1,1/8,1/8,1,,5,71,B4,4,29,,4.499999999999999,0,2,False,False
3,3,14,14,0.5,1/2,1/2,12/8,1,1,1/8,1/8,1,,5,71,B4,4,30,,4.666666666666666,0,2,False,False
3,3,29/2,29/2,0.5,5/8,5/8,12/8,1,1,1/8,1/8,1,,5,71,B4,4,31,,4.833333333333333,0,2,False,False
3,3,15,15,0.5,3/4,3/4,12/8,1,1,1/8,1/8,1,,0,72,C5,5,32,,5.0,0,3,False,False
3,3,31/2,31/2,0.5,7/8,7/8,12/8,1,1,1/8,1/8,1,,5,71,B4,4,33,,5.166666666666667,0,2,False,False
3,3,16,16,0.5,1,1,12/8,1,1,1/8,1/8,1,,5,71,B4,4,34,,5.333333333333334,0,2,False,False
3,3,33/2,33/2,0.5,9/8,9/8,12/8,1,1,1/8,1/8,1,,5,71,B4,4,35,,5.500000000000001,0,2,False,False
3,3,17,17,0.5,5/4,5/4,12/8,1,1,1/8,1/8,1,,1,67,G4,4,36,,5.666666666666668,0,5,False,False
3,3,35/2,35/2,0.5,11/8,11/8,12/8,1,1,1/8,1/8,1,,1,67,G4,4,37,,5.833333333333335,0,5,False,False
4,4,18,18,6.0,0,0,12/8,2,1,3/2,1,3/2,,1,43,G2,2,51,,6.000000000000002,2,3,True,False
4,4,18,18,0.5,0,0,12/8,1,1,1/8,1/8,1,,3,69,A4,4,39,,6.000000000000002,0,1,False,False
4,4,37/2,37/2,0.5,1/8,1/8,12/8,1,1,1/8,1/8,1,,3,69,A4,4,40,,6.166666666666669,0,1,False,False
4,4,19,19,0.5,1/4,1/4,12/8,1,1,1/8,1/8,1,,5,71,B4,4,41,,6.333333333333336,0,2,False,False
4,4,39/2,39/2,0.5,3/8,3/8,12/8,1,1,1/8,1/8,1,,5,71,B4,4,42,,6.500000000000003,0,2,False,False
4,4,20,20,0.5,1/2,1/2,12/8,1,1,1/8,1/8,1,,5,71,B4,4,43,,6.66666666666667,0,2,False,False
4,4,41/2,41/2,0.5,5/8,5/8,12/8,1,1,1/8,1/8,1,,5,71,B4,4,44,,6.833333333333337,0,2,False,False
4,4,21,21,0.5,3/4,3/4,12/8,1,1,1/8,1/8,1,,0,72,C5,5,45,,7.0000000000000036,0,2,False,False
4,4,43/2,43/2,0.5,7/8,7/8,12/8,1,1,1/8,1/8,1,,5,71,B4,4,46,,7.1666666666666705,0,2,False,False
4,4,22,22,0.5,1,1,12/8,1,1,1/8,1/8,1,,5,71,B4,4,47,,7.3333333333333375,0,2,False,False
4,4,45/2,45/2,0.5,9/8,9/8,12/8,1,1,1/8,1/8,1,,5,71,B4,4,48,,7.500000000000004,0,2,False,False
4,4,23,23,0.5,5/4,5/4,12/8,1,1,1/8,1/8,1,,1,67,G4,4,49,,7.666666666666671,0,5,False,False
4,4,47/2,47/2,0.5,11/8,11/8,12/8,1,1,1/8,1/8,1,,1,67,G4,4,50,,7.833333333333338,0,5,False,False
5,5,24,24,6.0,0,0,12/8,2,1,3/2,1,3/2,,0,48,C3,3,64,,8.000000000000005,2,0,True,False
5,5,24,24,0.5,0,0,12/8,1,1,1/8,1/8,1,,3,69,A4,4,52,,8.000000000000005,0,1,False,False
5,5,49/2,49/2,0.5,1/8,1/8,12/8,1,1,1/8,1/8,1,,3,69,A4,4,53,,8.166666666666671,0,1,False,False
5,5,25,25,0.5,1/4,1/4,12/8,1,1,1/8,1/8,1,,5,71,B4,4,54,,8.333333333333337,0,2,False,False
5,5,51/2,51/2,0.5,3/8,3/8,12/8,1,1,1/8,1/8,1,,5,71,B4,4,55,,8.500000000000004,0,2,False,False
5,5,26,26,0.5,1/2,1/2,12/8,1,1,1/8,1/8,1,,5,71,B4,4,56,,8.66666666666667,0,2,False,False
5,5,53/2,53/2,0.5,5/8,5/8,12/8,1,1,1/8,1/8,1,,5,71,B4,4,57,,8.833333333333336,0,2,False,False
5,5,27,27,0.5,3/4,3/4,12/8,1,1,1/8,1/8,1,,0,72,C5,5,58,,9.000000000000002,0,2,False,False
5,5,55/2,55/2,0.5,7/8,7/8,12/8,1,1,1/8,1/8,1,,5,71,B4,4,59,,9.166666666666668,0,2,False,False
5,5,28,28,0.5,1,1,12/8,1,1,1/8,1/8,1,,5,71,B4,4,60,,9.333333333333334,0,2,False,False
5,5,57/2,57/2,0.5,9/8,9/8,12/8,1,1,1/8,1/8,1,,5,71,B4,4,61,,9.5,0,2,False,False
5,5,29,29,0.5,5/4,5/4,12/8,1,1,1/8,1/8,1,,1,67,G4,4,62,,9.666666666666666,0,5,False,False
5,5,59/2,59/2,0.5,11/8,11/8,12/8,1,1,1/8,1/8,1,,1,67,G4,4,63,,9.833333333333332,0,5,False,False
6,6,30,30,6.0,0,0,12/8,2,1,3/2,1,3/2,,1,43,G2,2,77,,9.999999999999998,2,3,True,False
6,6,30,30,0.5,0,0,12/8,1,1,1/8,1/8,1,,3,69,A4,4,65,,9.999999999999998,0,1,False,False
6,6,61/2,61/2,0.5,1/8,1/8,12/8,1,1,1/8,1/8,1,,3,69,A4,4,66,,10.166666666666664,0,1,False,False
6,6,31,31,0.5,1/4,1/4,12/8,1,1,1/8,1/8,1,,5,71,B4,4,67,,10.33333333333333,0,2,False,False
6,6,63/2,63/2,0.5,3/8,3/8,12/8,1,1,1/8,1/8,1,,5,71,B4,4,68,,10.499999999999996,0,2,False,False
6,6,32,32,0.5,1/2,1/2,12/8,1,1,1/8,1/8,1,,5,71,B4,4,69,,10.666666666666663,0,2,False,False
6,6,65/2,65/2,0.5,5/8,5/8,12/8,1,1,1/8,1/8,1,,5,71,B4,4,70,,10.833333333333329,0,2,False,False
6,6,33,33,0.5,3/4,3/4,12/8,1,1,1/8,1/8,1,,0,72,C5,5,71,,10.999999999999995,0,2,False,False
6,6,67/2,67/2,0.5,7/8,7/8,12/8,1,1,1/8,1/8,1,,5,71,B4,4,72,,11.16666666666666,0,2,False,False
6,6,34,34,0.5,1,1,12/8,1,1,1/8,1/8,1,,5,71,B4,4,73,,11.333333333333327,0,2,False,False
6,6,69/2,69/2,0.5,9/8,9/8,12/8,1,1,1/8,1/8,1,,5,71,B4,4,74,,11.499999999999993,0,2,False,False
6,6,35,35,0.5,5/4,5/4,12/8,1,1,1/8,1/8,1,,1,67,G4,4,75,,11.666666666666659,0,5,False,False
6,6,71/2,71/2,0.5,11/8,11/8,12/8,1,1,1/8,1/8,1,,1,67,G4,4,76,,11.833333333333325,0,5,False,False
7,7,36,36,6.0,0,0,12/8,2,1,3/2,1,3/2,,3,45,A2,2,90,,11.999999999999991,2,4,True,False
7,7,36,36,0.5,0,0,12/8,1,1,1/8,1/8,1,,3,69,A4,4,78,,11.999999999999991,0,1,False,False
7,7,73/2,73/2,0.5,1/8,1/8,12/8,1,1,1/8,1/8,1,,3,69,A4,4,79,,12.166666666666657,0,1,False,False
7,7,37,37,0.5,1/4,1/4,12/8,1,1,1/8,1/8,1,,5,71,B4,4,80,,12.333333333333323,0,2,False,False
7,7,75/2,75/2,0.5,3/8,3/8,12/8,1,1,1/8,1/8,1,,5,71,B4,4,81,,12.49999999999999,0,2,False,False
7,7,38,38,0.5,1/2,1/2,12/8,1,1,1/8,1/8,1,,5,71,B4,4,82,,12.666666666666655,0,2,False,False
7,7,77/2,77/2,0.5,5/8,5/8,12/8,1,1,1/8,1/8,1,,5,71,B4,4,83,,12.833333333333321,0,2,False,False
7,7,39,39,0.5,3/4,3/4,12/8,1,1,1/8,1/8,1,,0,72,C5,5,84,,12.999999999999988,0,2,False,False
7,7,79/2,79/2,0.5,7/8,7/8,12/8,1,1,1/8,1/8,1,,5,71,B4,4,85,,13.166666666666654,0,2,False,False
7,7,40,40,0.5,1,1,12/8,1,1,1/8,1/8,1,,5,71,B4,4,86,,13.33333333333332,0,2,False,False
7,7,81/2,81/2,0.5,9/8,9/8,12/8,1,1,1/8,1/8,1,,5,71,B4,4,87,,13.499999999999986,0,2,False,False
7,7,41,41,0.5,5/4,5/4,12/8,1,1,1/8,1/8,1,,1,67,G4,4,88,,13.666666666666652,0,5,False,False
7,7,83/2,83/2,0.5,11/8,11/8,12/8,1,1,1/8,1/8,1,,1,67,G4,4,89,,13.833333333333318,0,5,False,False
9,9,46,46,1.0,0,0,4/4,2,1,1/4,1/4,1,,0,48,C3,3,98,,16.083333333333318,0,0,True,False
9,9,47,47,1.0,1/4,1/4,4/4,2,1,1/4,1/4,1,,0,48,C3,3,99,,16.583333333333318,0,0,True,False
9,9,47,47,0.3333333333333333,1/4,1/4,4/4,1,1,1/12,1/8,2/3,,1,67,G4,4,91,,16.583333333333318,0,5,False,False
9,9,142/3,142/3,0.3333333333333333,1/3,1/3,4/4,1,1,1/12,1/8,2/3,,3,69,A4,4,92,,16.749999999999986,0,1,False,False
9,9,143/3,143/3,0.3333333333333333,5/12,5/12,4/4,1,1,1/12,1/8,2/3,,5,71,B4,4,93,,16.916666666666654,0,2,False,False
9,9,48,48,1.0,1/2,1/2,4/4,2,1,1/4,1/4,1,,0,48,C3,3,100,,17.08333333333332,0,0,True,False
9,9,48,48,1.0,1/2,1/2,4/4,1,1,1/4,1/4,1,,5,71,B4,4,94,,17.08333333333332,0,2,False,False
9,9,49,49,1.0,3/4,3/4,4/4,2,1,1/4,1/4,1,,0,48,C3,3,101,,17.58333333333332,0,0,True,False
9,9,49,49,0.3333333333333333,3/4,3/4,4/4,1,1,1/12,1/8,2/3,,1,67,G4,4,95,,17.58333333333332,0,5,False,False
9,9,148/3,148/3,0.3333333333333333,5/6,5/6,4/4,1,1,1/12,1/8,2/3,,3,69,A4,4,96,,17.74999999999999,0,1,False,False
9,9,149/3,149/3,0.3333333333333333,11/12,11/12,4/4,1,1,1/12,1/8,2/3,,5,71,B4,4,97,,17.916666666666657,0,2,False,False
10,10,50,50,1.0,0,0,4/4,2,1,1/4,1/4,1,,1,43,G2,2,107,,18.083333333333325,0,3,True,False
10,10,50,50,0.6666666666666666,0,0,4/4,1,1,1/6,1/4,2/3,,5,71,B4,4,102,,18.083333333333325,0,2,False,False
10,10,152/3,152/3,0.3333333333333333,1/6,1/6,4/4,1,1,1/12,1/8,2/3,,3,69,A4,4,103,,18.416666666666657,0,1,False,False
10,10,51,51,1.0,1/4,1/4,4/4,2,1,1/4,1/4,1,,1,43,G2,2,108,,18.583333333333325,0,3,True,False
10,10,155/3,155/3,0.3333333333333333,5/12,5/12,4/4,1,1,1/12,1/8,2/3,,2,74,D5,5,104,,18.916666666666657,0,1,False,False
10,10,52,52,1.0,1/2,1/2,4/4,2,1,1/4,1/4,1,,1,43,G2,2,109,,19.083333333333325,0,3,True,False
10,10,53,53,1.0,3/4,3/4,4/4,2,1,1/4,1/4,1,,1,43,G2,2,110,,19.583333333333325,0,3,True,False
10,10,160/3,160/3,0.3333333333333333,5/6,5/6,4/4,1,1,1/12,1/8,2/3,,1,67,G4,4,105,,19.749999999999993,0,5,False,False
10,10,161/3,161/3,0.3333333333333333,11/12,11/12,4/4,1,1,1/12,1/8,2/3,,1,67,G4,4,106,,19.91666666666666,0,5,False,False
11,11,54,54,1.0,0,0,4/4,2,1,1/4,1/4,1,,2,38,D2,2,115,,20.08333333333333,0,0,True,False
11,11,54,54,1.0,0,0,4/4,1,1,1/4,1/4,1,,3,69,A4,4,111,,20.08333333333333,0,1,False,False
11,11,55,55,1.0,1/4,1/4,4/4,2,1,1/4,1/4,1,,2,38,D2,2,116,,20.58333333333333,0,0,True,False
11,11,167/3,167/3,0.3333333333333333,5/12,5/12,4/4,1,1,1/12,1/8,2/3,,2,74,D5,5,112,,20.91666666666666,0,1,False,False
11,11,56,56,1.0,1/2,1/2,4/4,2,1,1/4,1/4,1,,2,38,D2,2,117,,21.08333333333333,0,0,True,False
11,11,57,57,1.0,3/4,3/4,4/4,2,1,1/4,1/4,1,,2,38,D2,2,118,,21.58333333333333,0,0,True,False
11,11,172/3,172/3,0.3333333333333333,5/6,5/6,4/4,1,1,1/12,1/8,2/3,,6,66,F#4,4,113,,21.749999999999996,0,0,False,False
11,11,173/3,173/3,0.3333333333333333,11/12,11/12,4/4,1,1,1/12,1/8,2/3,,6,66,F#4,4,114,,21.916666666666664,0,0,False,False
12,12,58,58,1.0,0,0,4/4,2,1,1/4,1/4,1,,4,40,E2,2,124,,22.083333333333332,0,1,True,False
12,12,58,58,0.6666666666666666,0,0,4/4,1,1,1/6,1/4,2/3,,6,66,F#4,4,119,,22.083333333333332,0,0,False,False
12,12,176/3,176/3,0.3333333333333333,1/6,1/6,4/4,1,1,1/12,1/8,2/3,,4,64,E4,4,120,,22.416666666666664,0,2,False,False
12,12,59,59,1.0,1/4,1/4,4/4,2,1,1/4,1/4,1,,4,40,E2,2,125,,22.583333333333332,0,1,True,False
12,12,60,60,1.0,1/2,1/2,4/4,2,1,1/4,1/4,1,,4,40,E2,2,126,,23.083333333333332,0,1,True,False
12,12,60,60,0.6666666666666666,1/2,1/2,4/4,1,1,1/6,1/4,2/3,,6,66,F#4,4,121,,23.083333333333332,0,0,False,False
12,12,60,60,0.6666666666666666,1/2,1/2,4/4,1,1,1/6,1/4,2/3,,6,78,F#5,5,121,,23.083333333333332,0,3,False,False
12,12,182/3,182/3,0.6666666666666666,2/3,2/3,4/4,1,1,1/6,1/4,2/3,,4,64,E4,4,122,,23.416666666666664,0,2,False,False
12,12,182/3,182/3,0.6666666666666666,2/3,2/3,4/4,1,1,1/6,1/4,2/3,,4,76,E5,5,122,,23.416666666666664,0,5,False,False
12,12,61,61,1.0,3/4,3/4,4/4,2,1,1/4,1/4,1,,4,40,E2,2,127,,23.583333333333332,0,1,True,False
12,12,184/3,184/3,0.6666666666666666,5/6,5/6,4/4,1,1,1/6,1/4,2/3,,1,67,G4,4,123,,23.75,0,4,False,False
12,12,184/3,184/3,0.6666666666666666,5/6,5/6,4/4,1,1,1/6,1/4,2/3,,1,79,G5,5,123,,23.75,0,4,False,False
13,13,62,62,1.0,0,0,4/4,2,1,1/4,1/4,1,,0,48,C3,3,135,,24.083333333333332,0,0,True,False
13,13,62,62,1.0,0,0,4/4,2,1,1/4,1/4,1,,4,52,E3,3,135,,24.083333333333332,0,3,False,False
13,13,63,63,1.0,1/4,1/4,4/4,2,1,1/4,1/4,1,,0,48,C3,3,136,,24.583333333333332,0,0,True,False
13,13,63,63,1.0,1/4,1/4,4/4,2,1,1/4,1/4,1,,4,52,E3,3,136,,24.583333333333332,0,3,False,False
13,13,63,63,0.3333333333333333,1/4,1/4,4/4,1,1,1/12,1/8,2/3,,1,67,G4,4,128,,24.583333333333332,0,4,False,False
13,13,190/3,190/3,0.3333333333333333,1/3,1/3,4/4,1,1,1/12,1/8,2/3,,3,69,A4,4,129,,24.75,0,1,False,False
13,13,191/3,191/3,0.3333333333333333,5/12,5/12,4/4,1,1,1/12,1/8,2/3,,5,71,B4,4,130,,24.916666666666668,0,2,False,False
13,13,64,64,1.0,1/2,1/2,4/4,2,1,1/4,1/4,1,,0,48,C3,3,137,,25.083333333333336,0,0,True,False
13,13,64,64,1.0,1/2,1/2,4/4,2,1,1/4,1/4,1,,4,52,E3,3,137,,25.083333333333336,0,3,False,False
13,13,64,64,1.0,1/2,1/2,4/4,1,1,1/4,1/4,1,,5,71,B4,4,131,,25.083333333333336,0,2,False,False
13,13,65,65,1.0,3/4,3/4,4/4,2,1,1/4,1/4,1,,0,48,C3,3,138,,25.583333333333336,0,0,True,False
13,13,65,65,1.0,3/4,3/4,4/4,2,1,1/4,1/4,1,,4,52,E3,3,138,,25.583333333333336,0,3,False,False
13,13,65,65,0.3333333333333333,3/4,3/4,4/4,1,1,1/12,1/8,2/3,,1,67,G4,4,132,,25.583333333333336,0,4,False,False
13,13,196/3,196/3,0.3333333333333333,5/6,5/6,4/4,1,1,1/12,1/8,2/3,,3,69,A4,4,133,,25.750000000000004,0,1,False,False
13,13,197/3,197/3,0.3333333333333333,11/12,11/12,4/4,1,1,1/12,1/8,2/3,,5,71,B4,4,134,,25.91666666666667,0,2,False,False
14,14,66,66,1.0,0,0,4/4,2,1,1/4,1/4,1,,1,43,G2,2,144,,26.08333333333334,0,3,True,False
14,14,66,66,1.0,0,0,4/4,2,1,1/4,1/4,1,,5,47,B2,2,144,,26.08333333333334,0,4,True,False
14,14,66,66,0.6666666666666666,0,0,4/4,1,1,1/6,1/4,2/3,,5,71,B4,4,139,,26.08333333333334,0,2,False,False
14,14,200/3,200/3,0.3333333333333333,1/6,1/6,4/4,1,1,1/12,1/8,2/3,,3,69,A4,4,140,,26.41666666666667,0,1,False,False
14,14,67,67,1.0,1/4,1/4,4/4,2,1,1/4,1/4,1,,1,43,G2,2,145,,26.58333333333334,0,3,True,False
14,14,67,67,1.0,1/4,1/4,4/4,2,1,1/4,1/4,1,,5,47,B2,2,145,,26.58333333333334,0,4,True,False
14,14,203/3,203/3,0.3333333333333333,5/12,5/12,4/4,1,1,1/12,1/8,2/3,,2,74,D5,5,141,,26.91666666666667,0,1,False,False
14,14,68,68,1.0,1/2,1/2,4/4,2,1,1/4,1/4,1,,1,43,G2,2,146,,27.08333333333334,0,3,True,False
14,14,68,68,1.0,1/2,1/2,4/4,2,1,1/4,1/4,1,,5,47,B2,2,146,,27.08333333333334,0,4,True,False
14,14,69,69,1.0,3/4,3/4,4/4,2,1,1/4,1/4,1,,1,43,G2,2,147,,27.58333333333334,0,3,True,False
14,14,69,69,1.0,3/4,3/4,4/4,2,1,1/4,1/4,1,,5,47,B2,2,147,,27.58333333333334,0,4,True,False
14,14,208/3,208/3,0.3333333333333333,5/6,5/6,4/4,1,1,1/12,1/8,2/3,,1,67,G4,4,142,,27.750000000000007,0,4,False,False
14,14,209/3,209/3,0.3333333333333333,11/12,11/12,4/4,1,1,1/12,1/8,2/3,,1,67,G4,4,143,,27.916666666666675,0,4,False,False
15,15,70,70,1.0,0,0,4/4,2,1,1/4,1/4,1,,2,38,D2,2,152,,28.083333333333343,0,0,True,False
15,15,70,70,1.0,0,0,4/4,2,1,1/4,1/4,1,,6,42,F#2,2,152,,28.083333333333343,0,5,True,False
15,15,70,70,1.0,0,0,4/4,1,1,1/4,1/4,1,,3,69,A4,4,148,,28.083333333333343,0,1,False,False
15,15,71,71,1.0,1/4,1/4,4/4,2,1,1/4,1/4,1,,2,38,D2,2,153,,28.583333333333343,0,0,True,False
15,15,71,71,1.0,1/4,1/4,4/4,2,1,1/4,1/4,1,,6,42,F#2,2,153,,28.583333333333343,0,5,True,False
15,15,215/3,215/3,0.3333333333333333,5/12,5/12,4/4,1,1,1/12,1/8,2/3,,6,78,F#5,5,149,,28.916666666666675,0,3,False,False
15,15,72,72,1.0,1/2,1/2,4/4,2,1,1/4,1/4,1,,2,38,D2,2,154,,29.083333333333343,0,0,True,False
15,15,72,72,1.0,1/2,1/2,4/4,2,1,1/4,1/4,1,,6,42,F#2,2,154,,29.083333333333343,0,5,True,False
15,15,73,73,1.0,3/4,3/4,4/4,2,1,1/4,1/4,1,,2,38,D2,2,155,,29.583333333333343,0,0,True,False
15,15,73,73,1.0,3/4,3/4,4/4,2,1,1/4,1/4,1,,6,42,F#2,2,155,,29.583333333333343,0,5,True,False
15,15,220/3,220/3,0.3333333333333333,5/6,5/6,4/4,1,1,1/12,1/8,2/3,,4,76,E5,5,150,,29.75000000000001,0,2,False,False
15,15,221/3,221/3,0.3333333333333333,11/12,11/12,4/4,1,1,1/12,1/8,2/3,,6,78,F#5,5,151,,29.91666666666668,0,3,False,False
16,16,74,74,1.0,0,0,4/4,2,1,1/4,1/4,1,,4,40,E2,2,164,,30.083333333333346,0,1,True,False
16,16,74,74,1.0,0,0,4/4,2,1,1/4,1/4,1,,1,43,G2,2,164,,30.083333333333346,0,3,True,False
16,16,74,74,0.6666666666666666,0,0,4/4,1,1,1/6,1/4,2/3,,4,76,E5,5,156,,30.083333333333346,0,2,False,False
16,16,224/3,224/3,0.3333333333333333,1/6,1/6,4/4,1,1,1/12,1/8,2/3,,4,76,E5,5,157,,30.41666666666668,0,2,False,False
16,16,75,75,1.0,1/4,1/4,4/4,2,1,1/4,1/4,1,,4,40,E2,2,165,,30.583333333333346,0,1,True,False
16,16,75,75,1.0,1/4,1/4,4/4,2,1,1/4,1/4,1,,1,43,G2,2,165,,30.583333333333346,0,3,True,False
16,16,75,75,0.6666666666666666,1/4,1/4,4/4,1,1,1/6,1/4,2/3,,6,78,F#5,5,158,,30.583333333333346,0,3,False,False
16,16,227/3,227/3,0.3333333333333333,5/12,5/12,4/4,1,1,1/12,1/8,2/3,,4,76,E5,5,159,,30.91666666666668,0,2,False,False
16,16,76,76,1.0,1/2,1/2,4/4,2,1,1/4,1/4,1,,4,40,E2,2,166,,31.083333333333346,0,1,True,False
16,16,76,76,1.0,1/2,1/2,4/4,2,1,1/4,1/4,1,,1,43,G2,2,166,,31.083333333333346,0,3,True,False
16,16,229/3,229/3,0.3333333333333333,7/12,7/12,4/4,1,1,1/12,1/8,2/3,,4,76,E5,5,160,,31.250000000000014,0,2,False,False
16,16,230/3,230/3,0.3333333333333333,2/3,2/3,4/4,1,1,1/12,1/8,2/3,,4,76,E5,5,161,,31.416666666666682,0,2,False,False
16,16,77,77,1.0,3/4,3/4,4/4,2,1,1/4,1/4,1,,4,40,E2,2,167,,31.58333333333335,0,1,True,False
16,16,77,77,1.0,3/4,3/4,4/4,2,1,1/4,1/4,1,,1,43,G2,2,167,,31.58333333333335,0,3,True,False
16,16,77,77,0.6666666666666666,3/4,3/4,4/4,1,1,1/6,1/4,2/3,,2,62,D4,4,162,,31.58333333333335,0,1,False,False
16,16,233/3,233/3,0.3333333333333333,11/12,11/12,4/4,1,1,1/12,1/8,2/3,,3,69,A4,4,163,,31.916666666666682,0,0,False,False
17,17,78,78,1.0,0,0,4/4,2,1,1/4,1/4,1,,0,48,C3,3,173,,32.08333333333335,0,0,True,False
17,17,236/3,236/3,0.3333333333333333,1/6,1/6,4/4,1,1,1/12,1/8,2/3,,3,69,A4,4,168,,32.416666666666686,0,0,False,False
17,17,79,79,1.0,1/4,1/4,4/4,2,1,1/4,1/4,1,,0,48,C3,3,174,,32.58333333333335,0,0,True,False
17,17,239/3,239/3,0.3333333333333333,5/12,5/12,4/4,1,1,1/12,1/8,2/3,,5,71,B4,4,169,,32.916666666666686,0,2,False,False
17,17,80,80,1.0,1/2,1/2,4/4,2,1,1/4,1/4,1,,0,48,C3,3,175,,33.08333333333335,0,0,True,False
17,17,242/3,242/3,0.3333333333333333,2/3,2/3,4/4,1,1,1/12,1/8,2/3,,2,62,D4,4,170,,33.416666666666686,0,1,False,False
17,17,81,81,1.0,3/4,3/4,4/4,2,1,1/4,1/4,1,,0,48,C3,3,176,,33.58333333333335,0,0,True,False
17,17,81,81,0.6666666666666666,3/4,3/4,4/4,1,1,1/6,1/4,2/3,,2,62,D4,4,171,,33.58333333333335,0,1,False,False
17,17,245/3,245/3,0.3333333333333333,11/12,11/12,4/4,1,1,1/12,1/8,2/3,,3,69,A4,4,172,,33.916666666666686,0,0,False,False
18,18,82,82,1.0,0,0,4/4,2,1,1/4,1/4,1,,1,43,G2,2,180,,34.08333333333335,0,3,True,False
18,18,248/3,248/3,0.3333333333333333,1/6,1/6,4/4,1,1,1/12,1/8,2/3,,3,69,A4,4,177,,34.416666666666686,0,0,False,False
18,18,83,83,1.0,1/4,1/4,4/4,2,1,1/4,1/4,1,,1,43,G2,2,181,,34.58333333333335,0,3,True,False
18,18,251/3,251/3,0.3333333333333333,5/12,5/12,4/4,1,1,1/12,1/8,2/3,,5,71,B4,4,178,,34.916666666666686,0,2,False,False
18,18,84,84,1.0,1/2,1/2,4/4,2,1,1/4,1/4,1,,1,43,G2,2,182,,35.08333333333335,0,3,True,False
18,18,85,85,1.0,3/4,3/4,4/4,2,1,1/4,1/4,1,,1,43,G2,2,183,,35.58333333333335,0,3,True,False
18,18,85,85,1.0,3/4,3/4,4/4,1,1,1/4,1/4,1,,2,62,D4,4,179,,35.58333333333335,0,1,False,False
19,19,86,86,1.0,0,0,4/4,2,1,1/4,1/4,1,,2,38,D2,2,190,,36.08333333333335,0,0,True,False
19,19,86,86,0.6666666666666666,0,0,4/4,1,1,1/6,1/4,2/3,,3,69,A4,4,184,,36.08333333333335,0,0,False,False
19,19,260/3,260/3,0.6666666666666666,1/6,1/6,4/4,1,1,1/6,1/4,2/3,,3,69,A4,4,185,,36.416666666666686,0,0,False,False
19,19,87,87,1.0,1/4,1/4,4/4,2,1,1/4,1/4,1,,2,38,D2,2,191,,36.58333333333335,0,0,True,False
19,19,262/3,262/3,0.6666666666666666,1/3,1/3,4/4,1,1,1/6,1/4,2/3,,3,69,A4,4,186,,36.750000000000014,0,0,False,False
19,19,88,88,1.0,1/2,1/2,4/4,2,1,1/4,1/4,1,,2,38,D2,2,192,,37.08333333333335,0,0,True,False
19,19,88,88,0.6666666666666666,1/2,1/2,4/4,1,1,1/6,1/4,2/3,,3,69,A4,4,187,,37.08333333333335,0,0,False,False
19,19,266/3,266/3,0.6666666666666666,2/3,2/3,4/4,1,1,1/6,1/4,2/3,,3,69,A4,4,188,,37.416666666666686,0,0,False,False
19,19,89,89,1.0,3/4,3/4,4/4,2,1,1/4,1/4,1,,2,38,D2,2,193,,37.58333333333335,0,0,True,False
19,19,268/3,268/3,0.6666666666666666,5/6,5/6,4/4,1,1,1/6,1/4,2/3,,3,69,A4,4,189,,37.750000000000014,0,0,False,False
20,20,90,90,1.0,0,0,4/4,2,1,1/4,1/4,1,,4,40,E2,2,199,,38.08333333333335,0,1,True,False
20,20,90,90,0.6666666666666666,0,0,4/4,1,1,1/6,1/4,2/3,,3,69,A4,4,194,,38.08333333333335,0,0,False,False
20,20,272/3,272/3,0.3333333333333333,1/6,1/6,4/4,1,1,1/12,1/8,2/3,,5,71,B4,4,195,,38.416666666666686,0,2,False,False
20,20,91,91,1.0,1/4,1/4,4/4,2,1,1/4,1/4,1,,4,40,E2,2,200,,38.58333333333335,0,1,True,False
20,20,92,92,1.0,1/2,1/2,4/4,2,1,1/4,1/4,1,,4,40,E2,2,201,,39.08333333333335,0,1,True,False
20,20,278/3,278/3,0.3333333333333333,2/3,2/3,4/4,1,1,1/12,1/8,2/3,,2,62,D4,4,196,,39.416666666666686,0,1,False,False
20,20,93,93,1.0,3/4,3/4,4/4,2,1,1/4,1/4,1,,4,40,E2,2,202,,39.58333333333335,0,1,True,False
20,20,93,93,0.6666666666666666,3/4,3/4,4/4,1,1,1/6,1/4,2/3,,2,62,D4,4,197,,39.58333333333335,0,1,False,False
20,20,281/3,281/3,0.3333333333333333,11/12,11/12,4/4,1,1,1/12,1/8,2/3,,3,69,A4,4,198,,39.916666666666686,0,0,False,False
21,21,94,94,1.0,0,0,4/4,2,1,1/4,1/4,1,,0,48,C3,3,208,,40.08333333333335,0,0,True,False
21,21,94,94,1.0,0,0,4/4,2,1,1/4,1/4,1,,4,52,E3,3,208,,40.08333333333335,0,3,False,False
21,21,284/3,284/3,0.3333333333333333,1/6,1/6,4/4,1,1,1/12,1/8,2/3,,3,69,A4,4,203,,40.416666666666686,0,0,False,False
21,21,95,95,1.0,1/4,1/4,4/4,2,1,1/4,1/4,1,,0,48,C3,3,209,,40.58333333333335,0,0,True,False
21,21,95,95,1.0,1/4,1/4,4/4,2,1,1/4,1/4,1,,4,52,E3,3,209,,40.58333333333335,0,3,False,False
21,21,287/3,287/3,0.3333333333333333,5/12,5/12,4/4,1,1,1/12,1/8,2/3,,5,71,B4,4,204,,40.916666666666686,0,2,False,False
21,21,96,96,1.0,1/2,1/2,4/4,2,1,1/4,1/4,1,,0,48,C3,3,210,,41.08333333333335,0,0,True,False
21,21,96,96,1.0,1/2,1/2,4/4,2,1,1/4,1/4,1,,4,52,E3,3,210,,41.08333333333335,0,3,False,False
21,21,290/3,290/3,0.3333333333333333,2/3,2/3,4/4,1,1,1/12,1/8,2/3,,2,62,D4,4,205,,41.416666666666686,0,1,False,False
21,21,97,97,1.0,3/4,3/4,4/4,2,1,1/4,1/4,1,,0,48,C3,3,211,,41.58333333333335,0,0,True,False
21,21,97,97,1.0,3/4,3/4,4/4,2,1,1/4,1/4,1,,4,52,E3,3,211,,41.58333333333335,0,3,False,False
21,21,97,97,0.6666666666666666,3/4,3/4,4/4,1,1,1/6,1/4,2/3,,2,62,D4,4,206,,41.58333333333335,0,1,False,False
21,21,293/3,293/3,0.3333333333333333,11/12,11/12,4/4,1,1,1/12,1/8,2/3,,3,69,A4,4,207,,41.916666666666686,0,1,False,False
22,22,98,98,1.0,0,0,4/4,2,1,1/4,1/4,1,,1,43,G2,2,215,,42.08333333333335,0,3,True,False
22,22,98,98,1.0,0,0,4/4,2,1,1/4,1/4,1,,5,47,B2,2,215,,42.08333333333335,0,4,True,False
22,22,296/3,296/3,0.3333333333333333,1/6,1/6,4/4,1,1,1/12,1/8,2/3,,3,69,A4,4,212,,42.416666666666686,0,1,False,False
22,22,99,99,1.0,1/4,1/4,4/4,2,1,1/4,1/4,1,,1,43,G2,2,216,,42.58333333333335,0,3,True,False
22,22,99,99,1.0,1/4,1/4,4/4,2,1,1/4,1/4,1,,5,47,B2,2,216,,42.58333333333335,0,4,True,False
22,22,299/3,299/3,0.3333333333333333,5/12,5/12,4/4,1,1,1/12,1/8,2/3,,5,71,B4,4,213,,42.916666666666686,0,2,False,False
22,22,100,100,1.0,1/2,1/2,4/4,2,1,1/4,1/4,1,,1,43,G2,2,217,,43.08333333333335,0,3,True,False
22,22,100,100,1.0,1/2,1/2,4/4,2,1,1/4,1/4,1,,5,47,B2,2,217,,43.08333333333335,0,4,True,False
22,22,101,101,1.0,3/4,3/4,4/4,2,1,1/4,1/4,1,,1,43,G2,2,218,,43.58333333333335,0,3,True,False
22,22,101,101,1.0,3/4,3/4,4/4,2,1,1/4,1/4,1,,5,47,B2,2,218,,43.58333333333335,0,4,True,False
22,22,101,101,1.0,3/4,3/4,4/4,1,1,1/4,1/4,1,,2,62,D4,4,214,,43.58333333333335,0,1,False,False
23,23,102,102,1.0,0,0,4/4,2,1,1/4,1/4,1,,2,38,D2,2,225,,44.08333333333335,0,0,True,False
23,23,102,102,1.0,0,0,4/4,2,1,1/4,1/4,1,,6,42,F#2,2,225,,44.08333333333335,0,5,True,False
23,23,102,102,0.6666666666666666,0,0,4/4,1,1,1/6,1/4,2/3,,3,69,A4,4,219,,44.08333333333335,0,1,False,False
23,23,308/3,308/3,0.6666666666666666,1/6,1/6,4/4,1,1,1/6,1/4,2/3,,3,69,A4,4,220,,44.416666666666686,0,1,False,False
23,23,103,103,1.0,1/4,1/4,4/4,2,1,1/4,1/4,1,,2,38,D2,2,226,,44.58333333333335,0,0,True,False
23,23,103,103,1.0,1/4,1/4,4/4,2,1,1/4,1/4,1,,6,42,F#2,2,226,,44.58333333333335,0,5,True,False
23,23,310/3,310/3,0.6666666666666666,1/3,1/3,4/4,1,1,1/6,1/4,2/3,,3,69,A4,4,221,,44.750000000000014,0,1,False,False
23,23,104,104,1.0,1/2,1/2,4/4,2,1,1/4,1/4,1,,2,38,D2,2,227,,45.08333333333335,0,0,True,False
23,23,104,104,1.0,1/2,1/2,4/4,2,1,1/4,1/4,1,,6,42,F#2,2,227,,45.08333333333335,0,5,True,False
23,23,104,104,0.6666666666666666,1/2,1/2,4/4,1,1,1/6,1/4,2/3,,3,69,A4,4,222,,45.08333333333335,0,1,False,False
23,23,314/3,314/3,0.6666666666666666,2/3,2/3,4/4,1,1,1/6,1/4,2/3,,1,67,G4,4,223,,45.416666666666686,0,4,False,False
23,23,105,105,1.0,3/4,3/4,4/4,2,1,1/4,1/4,1,,2,38,D2,2,228,,45.58333333333335,0,0,True,False
23,23,105,105,1.0,3/4,3/4,4/4,2,1,1/4,1/4,1,,6,42,F#2,2,228,,45.58333333333335,0,5,True,False
23,23,316/3,316/3,0.6666666666666666,5/6,5/6,4/4,1,1,1/6,1/4,2/3,,6,66,F#4,4,224,,45.750000000000014,0,0,False,False
24,24,106,106,2.0,0,0,4/4,2,1,1/2,1/2,1,,4,40,E2,2,236,,46.08333333333335,0,1,True,False
24,24,106,106,2.0,0,0,4/4,2,1,1/2,1/2,1,,1,43,G2,2,236,,46.08333333333335,0,3,True,False
24,24,106,106,0.6666666666666666,0,0,4/4,1,1,1/6,1/4,2/3,,6,66,F#4,4,229,,46.08333333333335,0,0,False,False
24,24,320/3,320/3,0.3333333333333333,1/6,1/6,4/4,1,1,1/12,1/8,2/3,,4,64,E4,4,230,,46.416666666666686,0,2,False,False
24,24,322/3,322/3,0.3333333333333333,1/3,1/3,4/4,1,1,1/12,1/8,2/3,,4,64,E4,4,231,,46.75000000000002,0,2,False,False
24,24,323/3,323/3,0.3333333333333333,5/12,5/12,4/4,1,1,1/12,1/8,2/3,,4,64,E4,4,232,,46.916666666666686,0,2,False,False
24,24,108,108,2.0,1/2,1/2,4/4,2,1,1/2,1/2,1,,4,40,E2,2,237,,47.08333333333335,0,1,True,False
24,24,108,108,2.0,1/2,1/2,4/4,2,1,1/2,1/2,1,,1,43,G2,2,237,,47.08333333333335,0,3,True,False
24,24,108,108,0.3333333333333333,1/2,1/2,4/4,1,1,1/12,1/8,2/3,,4,64,E4,4,233,,47.08333333333335,0,2,False,False
24,24,325/3,325/3,0.3333333333333333,7/12,7/12,4/4,1,1,1/12,1/8,2/3,,4,64,E4,4,234,,47.250000000000014,0,2,False,False
24,24,109,109,1.0,3/4,3/4,4/4,1,1,1/4,1/4,1,,4,64,E4,4,235,,47.58333333333335,0,2,False,False
25,25,110,110,1.0,0,0,4/4,2,1,1/4,1/4,1,,0,36,C2,2,242,,48.08333333333335,0,0,True,False
25,25,110,110,1.0,0,0,4/4,2,1,1/4,1/4,1,,0,48,C3,3,242,,48.08333333333335,0,0,True,False
25,25,110,110,1.0,0,0,4/4,2,1,1/4,1/4,1,,4,52,E3,3,242,,48.08333333333335,0,3,False,False
25,25,110,110,1.0,0,0,4/4,1,1,1/4,1/4,1,,4,64,E4,4,238,,48.08333333333335,0,2,False,False
25,25,111,111,1.0,1/4,1/4,4/4,1,1,1/4,1/4,1,,1,67,G4,4,239,,48.58333333333335,0,4,False,False
25,25,112,112,1.0,1/2,1/2,4/4,1,1,1/4,1/4,1,,0,72,C5,5,240,,49.08333333333335,0,2,False,False
25,25,113,113,1.0,3/4,3/4,4/4,2,1,1/4,1/4,1,,0,36,C2,2,243,,49.58333333333335,0,0,True,False
25,25,113,113,1.0,3/4,3/4,4/4,2,1,1/4,1/4,1,,0,48,C3,3,243,,49.58333333333335,0,0,True,False
25,25,113,113,1.0,3/4,3/4,4/4,2,1,1/4,1/4,1,,4,52,E3,3,243,,49.58333333333335,0,3,False,False
25,25,113,113,1.0,3/4,3/4,4/4,1,1,1/4,1/4,1,,5,71,B4,4,241,,49.58333333333335,0,1,False,False
26,26,114,114,1.0,0,0,4/4,2,1,1/4,1/4,1,,1,43,G2,2,248,,50.08333333333335,0,3,True,False
26,26,114,114,1.0,0,0,4/4,2,1,1/4,1/4,1,,5,47,B2,2,248,,50.08333333333335,0,4,True,False
26,26,114,114,1.0,0,0,4/4,1,1,1/4,1/4,1,,2,62,D4,4,244,,50.08333333333335,0,1,False,False
26,26,115,115,1.0,1/4,1/4,4/4,1,1,1/4,1/4,1,,1,67,G4,4,245,,50.58333333333335,0,4,False,False
26,26,116,116,1.0,1/2,1/2,4/4,2,1,1/4,1/4,1,,1,43,G2,2,249,,51.08333333333335,0,3,True,False
26,26,116,116,1.0,1/2,1/2,4/4,2,1,1/4,1/4,1,,5,47,B2,2,249,,51.08333333333335,0,4,True,False
26,26,116,116,1.0,1/2,1/2,4/4,2,1,1/4,1/4,1,,2,50,D3,3,249,,51.08333333333335,0,2,False,False
26,26,116,116,1.0,1/2,1/2,4/4,2,1,1/4,1/4,1,,1,55,G3,3,249,,51.08333333333335,0,5,False,False
26,26,116,116,1.0,1/2,1/2,4/4,1,1,1/4,1/4,1,,4,76,E5,5,246,,51.08333333333335,0,2,False,False
26,26,117,117,1.0,3/4,3/4,4/4,1,1,1/4,1/4,1,,2,74,D5,5,247,,51.58333333333335,0,1,False,False
27,27,118,118,1.0,0,0,4/4,2,1,1/4,1/4,1,,2,50,D3,3,255,,52.08333333333335,0,2,False,False
27,27,118,118,1.0,0,0,4/4,2,1,1/4,1/4,1,,6,54,F#3,3,255,,52.08333333333335,0,3,True,False
27,27,118,118,1.0,0,0,4/4,1,1,1/4,1/4,1,,6,66,F#4,4,250,,52.08333333333335,0,0,False,False
27,27,119,119,1.0,1/4,1/4,4/4,1,1,1/4,1/4,1,,3,69,A4,4,251,,52.58333333333335,0,0,False,False
27,27,120,120,1.0,1/2,1/2,4/4,1,1,1/4,1/4,1,,2,74,D5,5,252,,53.08333333333335,0,1,False,False
27,27,121,121,0.6666666666666666,3/4,3/4,4/4,2,1,1/6,1/4,2/3,,2,50,D3,3,256,,53.58333333333335,0,2,False,False
27,27,121,121,0.6666666666666666,3/4,3/4,4/4,2,1,1/6,1/4,2/3,,6,54,F#3,3,256,,53.58333333333335,0,3,True,False
27,27,121,121,0.6666666666666666,3/4,3/4,4/4,1,1,1/6,1/4,2/3,,0,72,C5,5,253,,53.58333333333335,0,2,False,False
27,27,365/3,365/3,0.3333333333333333,11/12,11/12,4/4,2,1,1/12,1/8,2/3,1,4,52,E3,3,257,,53.916666666666686,0,3,False,False
27,27,365/3,365/3,0.3333333333333333,11/12,11/12,4/4,2,1,1/12,1/8,2/3,1,1,55,G3,3,257,,53.916666666666686,0,5,False,False
27,27,365/3,365/3,0.3333333333333333,11/12,11/12,4/4,1,1,1/12,1/8,2/3,1,0,72,C5,5,254,,53.916666666666686,0,2,False,False
28,28,122,122,1.0,0,0,4/4,2,1,1/4,1/4,1,-1,4,52,E3,3,262,,54.08333333333335,0,3,False,False
28,28,122,122,1.0,0,0,4/4,2,1,1/4,1/4,1,-1,1,55,G3,3,262,,54.08333333333335,0,5,False,False
28,28,122,122,0.3333333333333333,0,0,4/4,1,1,1/12,1/8,2/3,-1,0,72,C5,5,258,,54.08333333333335,0,2,False,False
28,28,367/3,367/3,0.6666666666666666,1/12,1/12,4/4,1,1,1/6,1/4,2/3,1,5,71,B4,4,259,,54.250000000000014,0,1,False,False
28,28,123,123,2.0,1/4,1/4,4/4,1,1,1/2,1/2,1,-1,5,71,B4,4,260,,54.58333333333335,0,1,False,False
28,28,125,125,1.0,3/4,3/4,4/4,2,1,1/4,1/4,1,,1,43,G2,2,263,,55.58333333333335,0,3,True,False
28,28,125,125,1.0,3/4,3/4,4/4,2,1,1/4,1/4,1,,4,52,E3,3,263,,55.58333333333335,0,3,False,False
28,28,125,125,1.0,3/4,3/4,4/4,1,1,1/4,1/4,1,,6,66,F#4,4,261,,55.58333333333335,0,0,False,False
29,29,126,126,1.0,0,0,4/4,2,1,1/4,1/4,1,,0,48,C3,3,268,,56.08333333333335,0,0,True,False
29,29,126,126,1.0,0,0,4/4,1,1,1/4,1/4,1,,4,64,E4,4,264,,56.08333333333335,0,2,False,False
29,29,127,127,1.0,1/4,1/4,4/4,2,1,1/4,1/4,1,,0,36,C2,2,269,,56.58333333333335,0,4,True,False
29,29,127,127,1.0,1/4,1/4,4/4,2,1,1/4,1/4,1,,0,48,C3,3,269,,56.58333333333335,0,0,True,False
29,29,127,127,1.0,1/4,1/4,4/4,1,1,1/4,1/4,1,,1,67,G4,4,265,,56.58333333333335,0,4,False,False
29,29,128,128,1.0,1/2,1/2,4/4,2,1,1/4,1/4,1,,0,48,C3,3,270,,57.08333333333335,0,0,True,False
29,29,128,128,1.0,1/2,1/2,4/4,1,1,1/4,1/4,1,,0,72,C5,5,266,,57.08333333333335,0,2,False,False
29,29,129,129,1.0,3/4,3/4,4/4,2,1,1/4,1/4,1,,0,36,C2,2,271,,57.58333333333335,0,4,True,False
29,29,129,129,1.0,3/4,3/4,4/4,2,1,1/4,1/4,1,,0,48,C3,3,271,,57.58333333333335,0,0,True,False
29,29,129,129,1.0,3/4,3/4,4/4,1,1,1/4,1/4,1,,5,71,B4,4,267,,57.58333333333335,0,1,False,False
30,30,130,130,1.0,0,0,4/4,2,1,1/4,1/4,1,,1,55,G3,3,276,,58.08333333333335,0,5,False,False
30,30,130,130,1.0,0,0,4/4,1,1,1/4,1/4,1,,2,62,D4,4,272,,58.08333333333335,0,1,False,False
30,30,131,131,1.0,1/4,1/4,4/4,2,1,1/4,1/4,1,,1,43,G2,2,277,,58.58333333333335,0,3,True,False
30,30,131,131,1.0,1/4,1/4,4/4,2,1,1/4,1/4,1,,1,55,G3,3,277,,58.58333333333335,0,5,False,False
30,30,131,131,1.0,1/4,1/4,4/4,1,1,1/4,1/4,1,,1,67,G4,4,273,,58.58333333333335,0,4,False,False
30,30,132,132,1.0,1/2,1/2,4/4,2,1,1/4,1/4,1,,1,55,G3,3,278,,59.08333333333335,0,5,False,False
30,30,132,132,1.0,1/2,1/2,4/4,1,1,1/4,1/4,1,,4,76,E5,5,274,,59.08333333333335,0,2,False,False
30,30,133,133,1.0,3/4,3/4,4/4,2,1,1/4,1/4,1,,1,43,G2,2,279,,59.58333333333335,0,3,True,False
30,30,133,133,1.0,3/4,3/4,4/4,2,1,1/4,1/4,1,,1,55,G3,3,279,,59.58333333333335,0,5,False,False
30,30,133,133,1.0,3/4,3/4,4/4,1,1,1/4,1/4,1,,2,74,D5,5,275,,59.58333333333335,0,1,False,False
31,31,134,134,1.0,0,0,4/4,2,1,1/4,1/4,1,,2,38,D2,2,283,,60.08333333333335,0,0,True,False
31,31,134,134,1.0,0,0,4/4,1,1,1/4,1/4,1,,6,66,F#4,4,280,,60.08333333333335,0,0,False,False
31,31,135,135,1.0,1/4,1/4,4/4,2,1,1/4,1/4,1,,2,38,D2,2,284,,60.58333333333335,0,0,True,False
31,31,135,135,1.0,1/4,1/4,4/4,2,1,1/4,1/4,1,,3,45,A2,2,284,,60.58333333333335,0,4,True,False
31,31,135,135,1.0,1/4,1/4,4/4,1,1,1/4,1/4,1,,3,69,A4,4,281,,60.58333333333335,0,1,False,False
31,31,136,136,1.0,1/2,1/2,4/4,2,1,1/4,1/4,1,,2,38,D2,2,285,,61.08333333333335,0,0,True,False
31,31,136,136,2.0,1/2,1/2,4/4,1,1,1/2,1/2,1,1,2,74,D5,5,282,,61.08333333333335,1,1,False,False
31,31,137,137,1.0,3/4,3/4,4/4,2,1,1/4,1/4,1,,2,38,D2,2,286,,61.58333333333335,0,0,True,False
31,31,137,137,1.0,3/4,3/4,4/4,2,1,1/4,1/4,1,,3,45,A2,2,286,,61.58333333333335,0,4,True,False
31,31,137,137,1.0,3/4,3/4,4/4,2,1,1/4,1/4,1,,2,50,D3,3,286,,61.58333333333335,0,2,False,False
32,32,138,138,2.0,0,0,4/4,2,1,1/2,1/2,1,,2,38,D2,2,291,,62.08333333333335,0,0,True,False
32,32,138,138,2.0,0,0,4/4,2,1,1/2,1/2,1,,3,45,A2,2,291,,62.08333333333335,0,4,True,False
32,32,138,138,2.0,0,0,4/4,2,1,1/2,1/2,1,,2,50,D3,3,291,,62.08333333333335,0,2,False,False
32,32,138,138,2.0,0,0,4/4,1,1,1/2,1/2,1,-1,2,74,D5,5,287,,62.08333333333335,1,4,False,False
32,32,140,140,0.6666666666666666,1/2,1/2,4/4,1,1,1/6,1/4,2/3,,5,59,B3,3,288,,63.08333333333335,0,3,False,False
32,32,140,140,0.6666666666666666,1/2,1/2,4/4,1,1,1/6,1/4,2/3,,5,71,B4,4,288,,63.08333333333335,0,1,False,False
32,32,422/3,422/3,0.6666666666666666,2/3,2/3,4/4,1,1,1/6,1/4,2/3,,5,59,B3,3,289,,63.416666666666686,0,3,False,False
32,32,422/3,422/3,0.6666666666666666,2/3,2/3,4/4,1,1,1/6,1/4,2/3,,5,71,B4,4,289,,63.416666666666686,0,1,False,False
32,32,424/3,424/3,0.6666666666666666,5/6,5/6,4/4,1,1,1/6,1/4,2/3,,4,64,E4,4,290,,63.75000000000002,0,2,False,False
32,32,424/3,424/3,0.6666666666666666,5/6,5/6,4/4,1,1,1/6,1/4,2/3,,4,76,E5,5,290,,63.75000000000002,0,5,False,False
33,33,142,142,1.0,0,0,4/4,2,1,1/4,1/4,1,,0,48,C3,3,298,,64.08333333333336,0,0,True,False
33,33,142,142,1.0,0,0,4/4,1,1,1/4,1/4,1,,4,64,E4,4,292,,64.08333333333336,0,2,False,False
33,33,142,142,1.0,0,0,4/4,1,1,1/4,1/4,1,,4,76,E5,5,292,,64.08333333333336,0,5,False,False
33,33,143,143,1.0,1/4,1/4,4/4,2,1,1/4,1/4,1,,0,48,C3,3,299,,64.58333333333336,0,0,True,False
33,33,143,143,1.0,1/4,1/4,4/4,1,1,1/4,1/4,1,,4,76,E5,5,293,,64.58333333333336,0,5,False,False
33,33,144,144,1.0,1/2,1/2,4/4,2,1,1/4,1/4,1,,0,48,C3,3,300,,65.08333333333336,0,0,True,False
33,33,144,144,0.6666666666666666,1/2,1/2,4/4,1,1,1/6,1/4,2/3,,4,76,E5,5,294,,65.08333333333336,0,5,False,False
33,33,434/3,434/3,0.3333333333333333,2/3,2/3,4/4,1,1,1/12,1/8,2/3,,5,71,B4,4,295,,65.41666666666669,0,1,False,False
33,33,145,145,1.0,3/4,3/4,4/4,2,1,1/4,1/4,1,,0,48,C3,3,301,,65.58333333333336,0,0,True,False
33,33,145,145,0.6666666666666666,3/4,3/4,4/4,1,1,1/6,1/4,2/3,,5,71,B4,4,296,,65.58333333333336,0,1,False,False
33,33,437/3,437/3,0.3333333333333333,11/12,11/12,4/4,1,1,1/12,1/8,2/3,,2,74,D5,5,297,,65.91666666666669,0,4,False,False
34,34,146,146,1.0,0,0,4/4,2,1,1/4,1/4,1,,2,50,D3,3,310,,66.08333333333336,0,2,False,False
34,34,146,146,1.0,0,0,4/4,1,1,1/4,1/4,1,,2,74,D5,5,302,,66.08333333333336,0,4,False,False
34,34,147,147,1.0,1/4,1/4,4/4,2,1,1/4,1/4,1,,2,50,D3,3,311,,66.58333333333336,0,2,False,False
34,34,147,147,1.0,1/4,1/4,4/4,1,1,1/4,1/4,1,,3,69,A4,4,303,,66.58333333333336,0,1,False,False
34,34,148,148,1.0,1/2,1/2,4/4,2,1,1/4,1/4,1,,2,50,D3,3,312,,67.08333333333336,0,2,False,False
34,34,148,148,0.3333333333333333,1/2,1/2,4/4,1,1,1/12,1/8,2/3,,0,72,C5,5,304,,67.08333333333336,0,2,False,False
34,34,445/3,445/3,0.3333333333333333,7/12,7/12,4/4,1,1,1/12,1/8,2/3,,2,74,D5,5,305,,67.25000000000003,0,4,False,False
34,34,446/3,446/3,0.3333333333333333,2/3,2/3,4/4,1,1,1/12,1/8,2/3,,2,74,D5,5,306,,67.4166666666667,0,4,False,False
34,34,149,149,1.0,3/4,3/4,4/4,2,1,1/4,1/4,1,,2,50,D3,3,313,,67.58333333333337,0,2,False,False
34,34,149,149,0.3333333333333333,3/4,3/4,4/4,1,1,1/12,1/8,2/3,,2,74,D5,5,307,,67.58333333333337,0,4,False,False
34,34,448/3,448/3,0.3333333333333333,5/6,5/6,4/4,1,1,1/12,1/8,2/3,,0,72,C5,5,308,,67.75000000000004,0,2,False,False
34,34,449/3,449/3,0.3333333333333333,11/12,11/12,4/4,1,1,1/12,1/8,2/3,,0,72,C5,5,309,,67.91666666666671,0,2,False,False
35,35,150,150,1.0,0,0,4/4,2,1,1/4,1/4,1,,1,43,G2,2,322,,68.08333333333339,0,3,True,False
35,35,150,150,0.6666666666666666,0,0,4/4,1,1,1/6,1/4,2/3,,0,72,C5,5,314,,68.08333333333339,0,2,False,False
35,35,452/3,452/3,0.3333333333333333,1/6,1/6,4/4,1,1,1/12,1/8,2/3,,5,71,B4,4,315,,68.41666666666671,0,1,False,False
35,35,151,151,1.0,1/4,1/4,4/4,2,1,1/4,1/4,1,,1,43,G2,2,323,,68.58333333333339,0,3,True,False
35,35,152,152,1.0,1/2,1/2,4/4,2,1,1/4,1/4,1,,6,42,F#2,2,324,,69.08333333333339,0,5,True,False
35,35,152,152,0.3333333333333333,1/2,1/2,4/4,1,1,1/12,1/8,2/3,,0,72,C5,5,316,,69.08333333333339,0,2,False,False
35,35,457/3,457/3,0.3333333333333333,7/12,7/12,4/4,1,1,1/12,1/8,2/3,,2,74,D5,5,317,,69.25000000000006,0,4,False,False
35,35,458/3,458/3,0.3333333333333333,2/3,2/3,4/4,1,1,1/12,1/8,2/3,,2,74,D5,5,318,,69.41666666666673,0,4,False,False
35,35,153,153,1.0,3/4,3/4,4/4,2,1,1/4,1/4,1,,6,42,F#2,2,325,,69.5833333333334,0,5,True,False
35,35,153,153,0.3333333333333333,3/4,3/4,4/4,1,1,1/12,1/8,2/3,,2,74,D5,5,319,,69.5833333333334,0,4,False,False
35,35,460/3,460/3,0.3333333333333333,5/6,5/6,4/4,1,1,1/12,1/8,2/3,,0,72,C5,5,320,,69.75000000000007,0,2,False,False
35,35,461/3,461/3,0.3333333333333333,11/12,11/12,4/4,1,1,1/12,1/8,2/3,,0,72,C5,5,321,,69.91666666666674,0,2,False,False
36,36,154,154,1.0,0,0,4/4,2,1,1/4,1/4,1,,4,40,E2,2,331,,70.08333333333341,0,1,True,False
36,36,154,154,0.6666666666666666,0,0,4/4,1,1,1/6,1/4,2/3,,0,72,C5,5,326,,70.08333333333341,0,2,False,False
36,36,464/3,464/3,0.3333333333333333,1/6,1/6,4/4,1,1,1/12,1/8,2/3,,5,71,B4,4,327,,70.41666666666674,0,1,False,False
36,36,155,155,1.0,1/4,1/4,4/4,2,1,1/4,1/4,1,,4,40,E2,2,332,,70.58333333333341,0,1,True,False
36,36,156,156,1.0,1/2,1/2,4/4,2,1,1/4,1/4,1,,4,40,E2,2,333,,71.08333333333341,0,1,True,False
36,36,156,156,0.6666666666666666,1/2,1/2,4/4,1,1,1/6,1/4,2/3,,3,69,A4,4,328,,71.08333333333341,0,0,False,False
36,36,470/3,470/3,0.6666666666666666,2/3,2/3,4/4,1,1,1/6,1/4,2/3,,5,71,B4,4,329,,71.41666666666674,0,1,False,False
36,36,157,157,1.0,3/4,3/4,4/4,2,1,1/4,1/4,1,,4,40,E2,2,334,,71.58333333333341,0,1,True,False
36,36,472/3,472/3,0.6666666666666666,5/6,5/6,4/4,1,1,1/6,1/4,2/3,,1,67,G4,4,330,,71.75000000000009,0,4,False,False
37,37,158,158,1.0,0,0,4/4,2,1,1/4,1/4,1,,0,48,C3,3,341,,72.08333333333341,0,0,True,False
37,37,158,158,1.0,0,0,4/4,1,1,1/4,1/4,1,,4,76,E5,5,335,,72.08333333333341,0,5,False,False
37,37,159,159,1.0,1/4,1/4,4/4,2,1,1/4,1/4,1,,0,48,C3,3,342,,72.58333333333341,0,0,True,False
37,37,159,159,1.0,1/4,1/4,4/4,1,1,1/4,1/4,1,,4,76,E5,5,336,,72.58333333333341,0,5,False,False
37,37,160,160,1.0,1/2,1/2,4/4,2,1,1/4,1/4,1,,0,48,C3,3,343,,73.08333333333341,0,0,True,False
37,37,160,160,0.6666666666666666,1/2,1/2,4/4,1,1,1/6,1/4,2/3,,1,79,G5,5,337,,73.08333333333341,0,4,False,False
37,37,482/3,482/3,0.3333333333333333,2/3,2/3,4/4,1,1,1/12,1/8,2/3,,6,78,F#5,5,338,,73.41666666666674,0,3,False,False
37,37,161,161,1.0,3/4,3/4,4/4,2,1,1/4,1/4,1,,0,48,C3,3,344,,73.58333333333341,0,0,True,False
37,37,161,161,0.6666666666666666,3/4,3/4,4/4,1,1,1/6,1/4,2/3,,4,76,E5,5,339,,73.58333333333341,0,5,False,False
37,37,485/3,485/3,0.3333333333333333,11/12,11/12,4/4,1,1,1/12,1/8,2/3,,2,74,D5,5,340,,73.91666666666674,0,4,False,False
38,38,162,162,1.0,0,0,4/4,2,1,1/4,1/4,1,,2,50,D3,3,353,,74.08333333333341,0,2,False,False
38,38,162,162,1.0,0,0,4/4,1,1,1/4,1/4,1,,2,74,D5,5,345,,74.08333333333341,0,4,False,False
38,38,163,163,1.0,1/4,1/4,4/4,2,1,1/4,1/4,1,,2,50,D3,3,354,,74.58333333333341,0,2,False,False
38,38,163,163,1.0,1/4,1/4,4/4,1,1,1/4,1/4,1,,3,69,A4,4,346,,74.58333333333341,0,0,False,False
38,38,164,164,1.0,1/2,1/2,4/4,2,1,1/4,1/4,1,,2,50,D3,3,355,,75.08333333333341,0,2,False,False
38,38,164,164,0.3333333333333333,1/2,1/2,4/4,1,1,1/12,1/8,2/3,,0,72,C5,5,347,,75.08333333333341,0,2,False,False
38,38,493/3,493/3,0.3333333333333333,7/12,7/12,4/4,1,1,1/12,1/8,2/3,,2,74,D5,5,348,,75.25000000000009,0,4,False,False
38,38,494/3,494/3,0.3333333333333333,2/3,2/3,4/4,1,1,1/12,1/8,2/3,,2,74,D5,5,349,,75.41666666666676,0,4,False,False
38,38,165,165,1.0,3/4,3/4,4/4,2,1,1/4,1/4,1,,2,50,D3,3,356,,75.58333333333343,0,2,False,False
38,38,165,165,0.3333333333333333,3/4,3/4,4/4,1,1,1/12,1/8,2/3,,2,74,D5,5,350,,75.58333333333343,0,4,False,False
38,38,496/3,496/3,0.3333333333333333,5/6,5/6,4/4,1,1,1/12,1/8,2/3,,0,72,C5,5,351,,75.7500000000001,0,2,False,False
38,38,497/3,497/3,0.3333333333333333,11/12,11/12,4/4,1,1,1/12,1/8,2/3,,0,72,C5,5,352,,75.91666666666677,0,2,False,False
39,39,166,166,1.0,0,0,4/4,2,1,1/4,1/4,1,,1,43,G2,2,365,,76.08333333333344,0,3,True,False
39,39,166,166,0.6666666666666666,0,0,4/4,1,1,1/6,1/4,2/3,,0,72,C5,5,357,,76.08333333333344,0,2,False,False
39,39,500/3,500/3,0.3333333333333333,1/6,1/6,4/4,1,1,1/12,1/8,2/3,,5,71,B4,4,358,,76.41666666666677,0,1,False,False
39,39,167,167,1.0,1/4,1/4,4/4,2,1,1/4,1/4,1,,1,43,G2,2,366,,76.58333333333344,0,3,True,False
39,39,168,168,1.0,1/2,1/2,4/4,2,1,1/4,1/4,1,,6,42,F#2,2,367,,77.08333333333344,0,5,True,False
39,39,168,168,0.3333333333333333,1/2,1/2,4/4,1,1,1/12,1/8,2/3,,0,72,C5,5,359,,77.08333333333344,0,2,False,False
39,39,505/3,505/3,0.3333333333333333,7/12,7/12,4/4,1,1,1/12,1/8,2/3,,2,74,D5,5,360,,77.25000000000011,0,4,False,False
39,39,506/3,506/3,0.3333333333333333,2/3,2/3,4/4,1,1,1/12,1/8,2/3,,2,74,D5,5,361,,77.41666666666679,0,4,False,False
39,39,169,169,1.0,3/4,3/4,4/4,2,1,1/4,1/4,1,,6,42,F#2,2,368,,77.58333333333346,0,5,True,False
39,39,169,169,0.3333333333333333,3/4,3/4,4/4,1,1,1/12,1/8,2/3,,2,74,D5,5,362,,77.58333333333346,0,4,False,False
39,39,508/3,508/3,0.3333333333333333,5/6,5/6,4/4,1,1,1/12,1/8,2/3,,0,72,C5,5,363,,77.75000000000013,0,2,False,False
39,39,509/3,509/3,0.3333333333333333,11/12,11/12,4/4,1,1,1/12,1/8,2/3,,0,72,C5,5,364,,77.9166666666668,0,2,False,False
40,40,170,170,1.0,0,0,4/4,2,1,1/4,1/4,1,,4,40,E2,2,374,,78.08333333333347,0,1,True,False
40,40,170,170,0.6666666666666666,0,0,4/4,1,1,1/6,1/4,2/3,,0,72,C5,5,369,,78.08333333333347,0,2,False,False
40,40,512/3,512/3,0.3333333333333333,1/6,1/6,4/4,1,1,1/12,1/8,2/3,,5,71,B4,4,370,,78.4166666666668,0,1,False,False
40,40,171,171,1.0,1/4,1/4,4/4,2,1,1/4,1/4,1,,4,40,E2,2,375,,78.58333333333347,0,1,True,False
40,40,172,172,1.0,1/2,1/2,4/4,2,1,1/4,1/4,1,,4,40,E2,2,376,,79.08333333333347,0,1,True,False
40,40,172,172,0.6666666666666666,1/2,1/2,4/4,1,1,1/6,1/4,2/3,,3,69,A4,4,371,,79.08333333333347,0,0,False,False
40,40,518/3,518/3,0.6666666666666666,2/3,2/3,4/4,1,1,1/6,1/4,2/3,,5,71,B4,4,372,,79.4166666666668,0,1,False,False
40,40,173,173,1.0,3/4,3/4,4/4,2,1,1/4,1/4,1,,4,40,E2,2,377,,79.58333333333347,0,1,True,False
40,40,520/3,520/3,0.6666666666666666,5/6,5/6,4/4,1,1,1/6,1/4,2/3,,1,67,G4,4,373,,79.75000000000014,0,4,False,False
41,41,174,174,1.0,0,0,4/4,2,1,1/4,1/4,1,,0,36,C2,2,382,,80.08333333333347,0,4,True,False
41,41,174,174,1.0,0,0,4/4,2,1,1/4,1/4,1,,0,48,C3,3,382,,80.08333333333347,0,0,True,False
41,41,174,174,1.0,0,0,4/4,1,1,1/4,1/4,1,,4,64,E4,4,378,,80.08333333333347,0,2,False,False
41,41,175,175,1.0,1/4,1/4,4/4,2,1,1/4,1/4,1,,0,36,C2,2,383,,80.58333333333347,0,4,True,False
41,41,175,175,1.0,1/4,1/4,4/4,2,1,1/4,1/4,1,,0,48,C3,3,383,,80.58333333333347,0,0,True,False
41,41,175,175,1.0,1/4,1/4,4/4,1,1,1/4,1/4,1,,1,67,G4,4,379,,80.58333333333347,0,4,False,False
41,41,176,176,1.0,1/2,1/2,4/4,2,1,1/4,1/4,1,,0,36,C2,2,384,,81.08333333333347,0,4,True,False
41,41,176,176,1.0,1/2,1/2,4/4,2,1,1/4,1/4,1,,0,48,C3,3,384,,81.08333333333347,0,0,True,False
41,41,176,176,1.0,1/2,1/2,4/4,1,1,1/4,1/4,1,,0,72,C5,5,380,,81.08333333333347,0,2,False,False
41,41,177,177,0.6666666666666666,3/4,3/4,4/4,2,1,1/6,1/4,2/3,,0,36,C2,2,385,,81.58333333333347,0,4,True,False
41,41,177,177,0.6666666666666666,3/4,3/4,4/4,2,1,1/6,1/4,2/3,,0,48,C3,3,385,,81.58333333333347,0,0,True,False
41,41,177,177,1.0,3/4,3/4,4/4,1,1,1/4,1/4,1,,5,71,B4,4,381,,81.58333333333347,0,1,False,False
41,41,533/3,533/3,0.3333333333333333,11/12,11/12,4/4,2,1,1/12,1/8,2/3,,0,36,C2,2,386,,81.9166666666668,0,4,True,False
41,41,533/3,533/3,0.3333333333333333,11/12,11/12,4/4,2,1,1/12,1/8,2/3,,0,48,C3,3,386,,81.9166666666668,0,0,True,False
42,42,178,178,1.0,0,0,4/4,2,1,1/4,1/4,1,,2,38,D2,2,391,,82.08333333333347,0,0,True,False
42,42,178,178,1.0,0,0,4/4,2,1,1/4,1/4,1,,2,50,D3,3,391,,82.08333333333347,0,2,False,False
42,42,178,178,1.0,0,0,4/4,1,1,1/4,1/4,1,,2,62,D4,4,387,,82.08333333333347,0,1,False,False
42,42,179,179,1.0,1/4,1/4,4/4,2,1,1/4,1/4,1,,2,38,D2,2,392,,82.58333333333347,0,0,True,False
42,42,179,179,1.0,1/4,1/4,4/4,2,1,1/4,1/4,1,,2,50,D3,3,392,,82.58333333333347,0,2,False,False
42,42,179,179,1.0,1/4,1/4,4/4,1,1,1/4,1/4,1,,1,67,G4,4,388,,82.58333333333347,0,4,False,False
42,42,180,180,1.0,1/2,1/2,4/4,2,1,1/4,1/4,1,,2,38,D2,2,393,,83.08333333333347,0,0,True,False
42,42,180,180,1.0,1/2,1/2,4/4,2,1,1/4,1/4,1,,2,50,D3,3,393,,83.08333333333347,0,2,False,False
42,42,180,180,1.0,1/2,1/2,4/4,1,1,1/4,1/4,1,,4,76,E5,5,389,,83.08333333333347,0,5,False,False
42,42,181,181,0.6666666666666666,3/4,3/4,4/4,2,1,1/6,1/4,2/3,,2,38,D2,2,394,,83.58333333333347,0,0,True,False
42,42,181,181,0.6666666666666666,3/4,3/4,4/4,2,1,1/6,1/4,2/3,,2,50,D3,3,394,,83.58333333333347,0,2,False,False
42,42,181,181,1.0,3/4,3/4,4/4,1,1,1/4,1/4,1,,2,74,D5,5,390,,83.58333333333347,0,1,False,False
42,42,545/3,545/3,0.3333333333333333,11/12,11/12,4/4,2,1,1/12,1/8,2/3,,2,38,D2,2,395,,83.9166666666668,0,0,True,False
42,42,545/3,545/3,0.3333333333333333,11/12,11/12,4/4,2,1,1/12,1/8,2/3,,2,50,D3,3,395,,83.9166666666668,0,2,False,False
43,43,182,182,1.0,0,0,4/4,2,1,1/4,1/4,1,,1,43,G2,2,401,,84.08333333333347,0,3,True,False
43,43,182,182,1.0,0,0,4/4,2,1,1/4,1/4,1,,1,55,G3,3,401,,84.08333333333347,0,2,True,False
43,43,182,182,1.0,0,0,4/4,1,1,1/4,1/4,1,,1,67,G4,4,396,,84.08333333333347,0,4,False,False
43,43,183,183,1.0,1/4,1/4,4/4,2,1,1/4,1/4,1,,1,43,G2,2,402,,84.58333333333347,0,3,True,False
43,43,183,183,1.0,1/4,1/4,4/4,2,1,1/4,1/4,1,,1,55,G3,3,402,,84.58333333333347,0,2,True,False
43,43,183,183,1.0,1/4,1/4,4/4,1,1,1/4,1/4,1,,5,71,B4,4,397,,84.58333333333347,0,1,False,False
43,43,184,184,1.0,1/2,1/2,4/4,2,1,1/4,1/4,1,,6,42,F#2,2,403,,85.08333333333347,0,5,True,False
43,43,184,184,1.0,1/2,1/2,4/4,2,1,1/4,1/4,1,,6,54,F#3,3,403,,85.08333333333347,0,3,True,False
43,43,184,184,1.0,1/2,1/2,4/4,1,1,1/4,1/4,1,,3,81,A5,5,398,,85.08333333333347,0,-1,False,True
43,43,185,185,1.0,3/4,3/4,4/4,2,1,1/4,1/4,1,,6,42,F#2,2,404,,85.58333333333347,0,5,True,False
43,43,185,185,1.0,3/4,3/4,4/4,2,1,1/4,1/4,1,,6,54,F#3,3,404,,85.58333333333347,0,3,True,False
43,43,185,185,0.6666666666666666,3/4,3/4,4/4,1,1,1/6,1/4,2/3,,6,78,F#5,5,399,,85.58333333333347,0,1,False,False
43,43,557/3,557/3,0.3333333333333333,11/12,11/12,4/4,1,1,1/12,1/8,2/3,1,1,79,G5,5,400,,85.9166666666668,0,4,False,False
44,44,186,186,1.0,0,0,4/4,2,1,1/4,1/4,1,,4,40,E2,2,407,,86.08333333333347,0,0,True,False
44,44,186,186,1.0,0,0,4/4,2,1,1/4,1/4,1,,4,52,E3,3,407,,86.08333333333347,0,0,True,False
44,44,186,186,1.0,0,0,4/4,1,1,1/4,1/4,1,-1,1,79,G5,5,405,,86.08333333333347,0,4,False,False
44,44,187,187,1.0,1/4,1/4,4/4,2,1,1/4,1/4,1,,4,40,E2,2,408,,86.58333333333347,0,1,True,False
44,44,187,187,1.0,1/4,1/4,4/4,2,1,1/4,1/4,1,,4,52,E3,3,408,,86.58333333333347,0,3,True,False
44,44,188,188,1.0,1/2,1/2,4/4,2,1,1/4,1/4,1,,4,40,E2,2,409,,87.08333333333347,0,1,True,False
44,44,188,188,1.0,1/2,1/2,4/4,2,1,1/4,1/4,1,,4,52,E3,3,409,,87.08333333333347,0,3,True,False
44,44,189,189,1.0,3/4,3/4,4/4,2,1,1/4,1/4,1,,4,40,E2,2,410,,87.58333333333347,0,1,True,False
44,44,189,189,1.0,3/4,3/4,4/4,2,1,1/4,1/4,1,,4,52,E3,3,410,,87.58333333333347,0,3,True,False
44,44,189,189,1.0,3/4,3/4,4/4,1,1,1/4,1/4,1,,6,66,F#4,4,406,,87.58333333333347,0,0,False,False
45,45,190,190,1.0,0,0,4/4,2,1,1/4,1/4,1,,0,36,C2,2,415,,88.08333333333347,0,4,True,False
45,45,190,190,1.0,0,0,4/4,2,1,1/4,1/4,1,,0,48,C3,3,415,,88.08333333333347,0,0,True,False
45,45,190,190,1.0,0,0,4/4,1,1,1/4,1/4,1,,4,64,E4,4,411,,88.08333333333347,0,2,False,False
45,45,191,191,1.0,1/4,1/4,4/4,2,1,1/4,1/4,1,,0,36,C2,2,416,,88.58333333333347,0,4,True,False
45,45,191,191,1.0,1/4,1/4,4/4,2,1,1/4,1/4,1,,0,48,C3,3,416,,88.58333333333347,0,0,True,False
45,45,191,191,1.0,1/4,1/4,4/4,1,1,1/4,1/4,1,,1,67,G4,4,412,,88.58333333333347,0,4,False,False
45,45,192,192,1.0,1/2,1/2,4/4,2,1,1/4,1/4,1,,0,36,C2,2,417,,89.08333333333347,0,4,True,False
45,45,192,192,1.0,1/2,1/2,4/4,2,1,1/4,1/4,1,,0,48,C3,3,417,,89.08333333333347,0,0,True,False
45,45,192,192,1.0,1/2,1/2,4/4,1,1,1/4,1/4,1,,0,72,C5,5,413,,89.08333333333347,0,2,False,False
45,45,193,193,0.6666666666666666,3/4,3/4,4/4,2,1,1/6,1/4,2/3,,0,36,C2,2,418,,89.58333333333347,0,4,True,False
45,45,193,193,0.6666666666666666,3/4,3/4,4/4,2,1,1/6,1/4,2/3,,0,48,C3,3,418,,89.58333333333347,0,0,True,False
45,45,193,193,1.0,3/4,3/4,4/4,1,1,1/4,1/4,1,,5,71,B4,4,414,,89.58333333333347,0,1,False,False
45,45,581/3,581/3,0.3333333333333333,11/12,11/12,4/4,2,1,1/12,1/8,2/3,,0,36,C2,2,419,,89.9166666666668,0,4,True,False
45,45,581/3,581/3,0.3333333333333333,11/12,11/12,4/4,2,1,1/12,1/8,2/3,,0,48,C3,3,419,,89.9166666666668,0,0,True,False
46,46,194,194,1.0,0,0,4/4,2,1,1/4,1/4,1,,2,38,D2,2,424,,90.08333333333347,0,0,True,False
46,46,194,194,1.0,0,0,4/4,2,1,1/4,1/4,1,,2,50,D3,3,424,,90.08333333333347,0,2,False,False
46,46,194,194,1.0,0,0,4/4,1,1,1/4,1/4,1,,2,62,D4,4,420,,90.08333333333347,0,1,False,False
46,46,195,195,1.0,1/4,1/4,4/4,2,1,1/4,1/4,1,,2,38,D2,2,425,,90.58333333333347,0,0,True,False
46,46,195,195,1.0,1/4,1/4,4/4,2,1,1/4,1/4,1,,2,50,D3,3,425,,90.58333333333347,0,2,False,False
46,46,195,195,1.0,1/4,1/4,4/4,1,1,1/4,1/4,1,,1,67,G4,4,421,,90.58333333333347,0,4,False,False
46,46,196,196,1.0,1/2,1/2,4/4,2,1,1/4,1/4,1,,2,38,D2,2,426,,91.08333333333347,0,0,True,False
46,46,196,196,1.0,1/2,1/2,4/4,2,1,1/4,1/4,1,,2,50,D3,3,426,,91.08333333333347,0,2,False,False
46,46,196,196,1.0,1/2,1/2,4/4,1,1,1/4,1/4,1,,4,76,E5,5,422,,91.08333333333347,0,5,False,False
46,46,197,197,0.6666666666666666,3/4,3/4,4/4,2,1,1/6,1/4,2/3,,2,38,D2,2,427,,91.58333333333347,0,0,True,False
46,46,197,197,0.6666666666666666,3/4,3/4,4/4,2,1,1/6,1/4,2/3,,2,50,D3,3,427,,91.58333333333347,0,2,False,False
46,46,197,197,1.0,3/4,3/4,4/4,1,1,1/4,1/4,1,,2,74,D5,5,423,,91.58333333333347,0,1,False,False
46,46,593/3,593/3,0.3333333333333333,11/12,11/12,4/4,2,1,1/12,1/8,2/3,,2,38,D2,2,428,,91.9166666666668,0,0,True,False
46,46,593/3,593/3,0.3333333333333333,11/12,11/12,4/4,2,1,1/12,1/8,2/3,,2,50,D3,3,428,,91.9166666666668,0,2,False,False
47,47,198,198,1.0,0,0,4/4,2,1,1/4,1/4,1,,1,43,G2,2,434,,92.08333333333347,0,3,True,False
47,47,198,198,1.0,0,0,4/4,2,1,1/4,1/4,1,,1,55,G3,3,434,,92.08333333333347,0,2,True,False
47,47,198,198,1.0,0,0,4/4,1,1,1/4,1/4,1,,1,67,G4,4,429,,92.08333333333347,0,4,False,False
47,47,199,199,1.0,1/4,1/4,4/4,2,1,1/4,1/4,1,,1,43,G2,2,435,,92.58333333333347,0,3,True,False
47,47,199,199,1.0,1/4,1/4,4/4,2,1,1/4,1/4,1,,1,55,G3,3,435,,92.58333333333347,0,2,True,False
47,47,199,199,1.0,1/4,1/4,4/4,1,1,1/4,1/4,1,,5,71,B4,4,430,,92.58333333333347,0,1,False,False
47,47,200,200,1.0,1/2,1/2,4/4,2,1,1/4,1/4,1,,6,42,F#2,2,436,,93.08333333333347,0,5,True,False
47,47,200,200,1.0,1/2,1/2,4/4,2,1,1/4,1/4,1,,6,54,F#3,3,436,,93.08333333333347,0,3,True,False
47,47,200,200,1.0,1/2,1/2,4/4,1,1,1/4,1/4,1,,3,81,A5,5,431,,93.08333333333347,0,-1,False,True
47,47,201,201,1.0,3/4,3/4,4/4,2,1,1/4,1/4,1,,6,42,F#2,2,437,,93.58333333333347,0,5,True,False
47,47,201,201,1.0,3/4,3/4,4/4,2,1,1/4,1/4,1,,6,54,F#3,3,437,,93.58333333333347,0,3,True,False
47,47,201,201,0.6666666666666666,3/4,3/4,4/4,1,1,1/6,1/4,2/3,,6,78,F#5,5,432,,93.58333333333347,0,1,False,False
47,47,605/3,605/3,0.3333333333333333,11/12,11/12,4/4,1,1,1/12,1/8,2/3,1,1,79,G5,5,433,,93.9166666666668,0,4,False,False
48,48,202,202,1.0,0,0,4/4,2,1,1/4,1/4,1,,4,40,E2,2,439,,94.08333333333347,0,0,True,False
48,48,202,202,1.0,0,0,4/4,2,1,1/4,1/4,1,,4,52,E3,3,439,,94.08333333333347,0,0,True,False
48,48,202,202,1.0,0,0,4/4,1,1,1/4,1/4,1,-1,1,79,G5,5,438,,94.08333333333347,0,4,False,False
48,48,203,203,1.0,1/4,1/4,4/4,2,1,1/4,1/4,1,,4,40,E2,2,440,,94.58333333333347,0,0,True,False
48,48,203,203,1.0,1/4,1/4,4/4,2,1,1/4,1/4,1,,4,52,E3,3,440,,94.58333333333347,0,0,True,False
48,48,204,204,1.0,1/2,1/2,4/4,2,1,1/4,1/4,1,,4,40,E2,2,441,,95.08333333333347,0,0,True,False
48,48,204,204,1.0,1/2,1/2,4/4,2,1,1/4,1/4,1,,4,52,E3,3,441,,95.08333333333347,0,0,True,False
48,48,205,205,1.0,3/4,3/4,4/4,2,1,1/4,1/4,1,,4,40,E2,2,442,,95.58333333333347,0,0,True,False
48,48,205,205,1.0,3/4,3/4,4/4,2,1,1/4,1/4,1,,4,52,E3,3,442,,95.58333333333347,0,0,True,False
